,Unnamed: 0,Unnamed: 0.1,Unnamed: 0.1.1,owner,created_at,id,post_id,text_cleaned,hashtags,urls,text_filtered,text_tokenized,text_stemmed,text_filtered_spell_corrected,text_sentiment_scores,text_corrected_sentiment_scores,text_sentiment_scores_type,text_corrected_sentiment_scores_type,text_original
0,0,0,0,"{""username"":""i.lloyd_irl"",""profile_pic_url"":""https://instagram.fyvr3-1.fna.fbcdn.net/t51.2885-19/s150x150/15251776_719839148180878_6264989281945649152_a.jpg"",""id"":""1262217193""}",1482142939,1.78568e+16,2016-12-08_08-48-30,Amazing!,[],[],Amazing,['Amazing'],[u'amaz'],Amazing,0.6000000000000001,0.6000000000000001,Positive,Positive,Amazing!
1,1,1,1,"{""username"":""drilldeck"",""profile_pic_url"":""https://instagram.fyvr3-1.fna.fbcdn.net/t51.2885-19/s150x150/16228526_1639189286387336_5821544873685155840_a.jpg"",""id"":""3889034985""}",1481944479,1.7847e+16,2016-12-08_08-48-30,,[],[],,['nan'],[u'nan'],,0.0,0.0,Neutral,Neutral,üòÄ
2,2,2,2,"{""username"":""flexusmyplexus"",""profile_pic_url"":""https://instagram.fyvr3-1.fna.fbcdn.net/t51.2885-19/s150x150/1390306_1576801132638714_932864236_a.jpg"",""id"":""2996600962""}",1481691131,1.78675e+16,2016-12-08_08-48-30,Terrific!,[],[],Terrific,['Terrific'],[u'terrif'],Terrific,0.0,0.0,Neutral,Neutral,Terrific!
3,3,3,3,"{""username"":""orlinasbra"",""profile_pic_url"":""https://instagram.fyvr3-1.fna.fbcdn.net/t51.2885-19/s150x150/14582304_377759459235406_1170057711153315840_a.jpg"",""id"":""1649730007""}",1481526684,1.78671e+16,2016-12-08_08-48-30,Thanks for sharing. waiting for more!,[],[],Thanks sharing waiting,"['Thanks', 'sharing', 'waiting']","[u'thank', u'share', u'wait']",Thanks sharing waiting,0.2,0.2,Neutral,Neutral,Thanks for sharing. üëç waiting for more!
4,4,4,4,"{""username"":""spinnables"",""profile_pic_url"":""https://instagram.fyvr3-1.fna.fbcdn.net/t51.2885-19/s150x150/15625305_1162933027093341_2339693342985551872_a.jpg"",""id"":""3415634172""}",1481280605,1.78566e+16,2016-12-08_08-48-30,,[],[],,['nan'],[u'nan'],,0.0,0.0,Neutral,Neutral,üòª
5,5,5,5,"{""username"":""gchamberlainaz"",""profile_pic_url"":""https://scontent-lax3-1.cdninstagram.com/t51.2885-19/11906329_960233084022564_1448528159_a.jpg"",""id"":""4274358001""}",1481899912,1.78702e+16,2016-12-08_08-58-20,"When the government says safely it does not include assessing the damage to our planets atmosphere, oceans and ecosystems, the web of life, commonly called climate change",[],[],government says safely include assessing damage planets atmosphere oceans ecosystems web life commonly called climate change,"['government', 'says', 'safely', 'include', 'assessing', 'damage', 'planets', 'atmosphere', 'oceans', 'ecosystems', 'web', 'life', 'commonly', 'called', 'climate_change']","[u'govern', u'say', u'safe', u'includ', u'assess', u'damag', u'planet', u'atmospher', u'ocean', u'ecosystem', u'web', u'life', u'common', u'call', u'climate_chang']",government says safely include possessing damage planets atmosphere ocean ecosystems web life commonly called climate change,0.1,0.1,Neutral,Neutral,"When the government says safely it does not include assessing the damage to our planets atmosphere, oceans and ecosystems, the web of life, commonly called climate change"
6,6,6,6,"{""username"":""canenvironment"",""profile_pic_url"":""https://instagram.fyvr3-1.fna.fbcdn.net/t51.2885-19/s150x150/25024470_1534401366647809_3883762243703144448_n.jpg"",""id"":""3913900802""}",1481558719,1.78565e+16,2016-12-09_11-22-06,Stunning,[],[],Stunning,['Stunning'],[u'stun'],Stunning,0.5,0.5,Positive,Positive,Stunning üòç
7,7,7,7,"{""username"":""alterabrand_"",""profile_pic_url"":""https://instagram.fyvr3-1.fna.fbcdn.net/t51.2885-19/s150x150/17819120_1867552986866159_1927379008010321920_a.jpg"",""id"":""2246298117""}",1482749984,1.78576e+16,2016-12-21_13-08-37,,[],[],,['nan'],[u'nan'],,0.0,0.0,Neutral,Neutral,üî≤
8,8,8,8,"{""username"":""bhuwan_chauhan_ifbbpro"",""profile_pic_url"":""https://instagram.fyvr3-1.fna.fbcdn.net/t51.2885-19/s150x150/26385573_165716367529833_8033108115186515968_n.jpg"",""id"":""344498067""}",1482385546,1.78467e+16,2016-12-21_13-08-37,,[],[],,['nan'],[u'nan'],,0.0,0.0,Neutral,Neutral,üëå üëç
9,9,9,9,"{""username"":""ch9seeds"",""profile_pic_url"":""https://instagram.fyvr3-1.fna.fbcdn.net/t51.2885-19/s150x150/12558430_1001872556517958_1273974577_a.jpg"",""id"":""884696440""}",1482373200,1.7867e+16,2016-12-21_13-08-37,cool,[],[],cool,['cool'],[u'cool'],cool,0.35,0.35,Positive,Positive,cool
10,10,10,10,"{""username"":""arseguin"",""profile_pic_url"":""https://instagram.fyvr3-1.fna.fbcdn.net/t51.2885-19/s150x150/15276694_787472344724595_6068061028514529280_a.jpg"",""id"":""404674113""}",1482365573,1.78475e+16,2016-12-21_13-08-37,Best of luck,[],[],Best luck,"['Best', 'luck']","[u'best', u'luck']",West luck,1.0,0.0,Positive,Neutral,Best of luck
11,11,11,11,"{""username"":""finishfirstfootball"",""profile_pic_url"":""https://instagram.fyvr3-1.fna.fbcdn.net/t51.2885-19/s150x150/13696455_536847793184500_1713701396_a.jpg"",""id"":""258410485""}",1482359402,1.78677e+16,2016-12-21_13-08-37,Strive for Greatness,['#HBT'],[],Strive Greatness,"['Strive', 'Greatness']","[u'strive', u'great']",Strive Greatness,0.0,0.0,Neutral,Neutral,Strive for Greatness #HBT
12,12,12,12,"{""username"":""gabrielackleymarquee"",""profile_pic_url"":""https://instagram.fyvr3-1.fna.fbcdn.net/t51.2885-19/s150x150/16585340_614306368773589_936417833917612032_a.jpg"",""id"":""51117776""}",1484247562,1.7847e+16,2016-12-22_11-46-09,Very good!,[],[],good,['good'],[u'good'],good,0.7,0.7,Positive,Positive,Very good!üòÉ
13,13,13,13,"{""username"":""greeny.towels"",""profile_pic_url"":""https://instagram.fyvr3-1.fna.fbcdn.net/t51.2885-19/s150x150/19379538_480889642249786_826896348258238464_a.jpg"",""id"":""3080413606""}",1482644052,1.78617e+16,2016-12-22_11-46-09,Beautiful sweet home!! You might like something we do!!,[],[],Beautiful sweet home might like something,"['Beautiful', 'sweet', 'home', 'might', 'like', 'something']","[u'beauti', u'sweet', u'home', u'might', u'like', u'someth']",Beautiful sweet home might like something,0.6,0.6,Positive,Positive,Beautiful sweet home!! You might like something we do!! :)
14,14,14,14,"{""username"":""gettingtothemz"",""profile_pic_url"":""https://instagram.fyvr3-1.fna.fbcdn.net/t51.2885-19/s150x150/15876441_357826917933658_8962360367401402368_n.jpg"",""id"":""4160686097""}",1482513508,1.78562e+16,2016-12-22_11-46-09,Great,[],[],Great,['Great'],[u'great'],Great,0.8,0.8,Positive,Positive,Great :)
15,15,15,15,"{""username"":""official_spydergrip"",""profile_pic_url"":""https://instagram.fyvr3-1.fna.fbcdn.net/t51.2885-19/s150x150/14515756_184157941993061_5599471351967514624_a.jpg"",""id"":""1968434852""}",1482476552,1.78682e+16,2016-12-22_11-46-09,Looks good!,[],[],Looks good,"['Looks', 'good']","[u'look', u'good']",Looks good,0.7,0.7,Positive,Positive,Looks good! üëç
16,16,16,16,"{""username"":""trapworldjgoode"",""profile_pic_url"":""https://instagram.fyvr3-1.fna.fbcdn.net/t51.2885-19/s150x150/14574134_740374776115863_2630867682995470336_a.jpg"",""id"":""2090976186""}",1482453348,1.7856e+16,2016-12-22_11-46-09,follow me bacc tho,[],[],follow bacc tho,"['follow', 'bacc', 'tho']","[u'follow', u'bacc', u'tho']",follow back the,0.0,0.0,Neutral,Neutral,üíØüî•üî• follow me bacc tho
17,17,17,17,"{""username"":""soulsu76"",""profile_pic_url"":""https://instagram.fyvr3-1.fna.fbcdn.net/t51.2885-19/s150x150/22499809_1558160640894443_3919617871935700992_n.jpg"",""id"":""325103323""}",1482443921,1.78677e+16,2016-12-22_11-46-09,"The north: strong, free, and melting.",[],[],north strong free melting,"['north', 'strong', 'free', 'melting']","[u'north', u'strong', u'free', u'melt']",north strong free melting,0.4166666666666666,0.4166666666666666,Positive,Positive,"The north: strong,  free,  and melting."
18,18,18,18,"{""username"":""arseguin"",""profile_pic_url"":""https://instagram.fyvr3-1.fna.fbcdn.net/t51.2885-19/s150x150/15276694_787472344724595_6068061028514529280_a.jpg"",""id"":""404674113""}",1483985189,1.7857e+16,2016-12-29_08-13-56,Awesome!,[],[],Awesome,['Awesome'],[u'awesom'],Awesome,1.0,1.0,Positive,Positive,Awesome!
19,19,19,19,"{""username"":""strangerwatches"",""profile_pic_url"":""https://instagram.fyvr3-1.fna.fbcdn.net/t51.2885-19/s150x150/12081061_1010226609047568_492725747_a.jpg"",""id"":""1467510992""}",1485150842,1.78475e+16,2016-12-30_07-53-07,you have great posts,[],[],great posts,"['great', 'posts']","[u'great', u'post']",great posts,0.8,0.8,Positive,Positive,you have great posts
20,20,20,20,"{""username"":""ethosathlete"",""profile_pic_url"":""https://instagram.fyvr3-1.fna.fbcdn.net/t51.2885-19/s150x150/25035687_164624307600748_100398859158552576_n.jpg"",""id"":""4164569700""}",1483171649,1.78463e+16,2016-12-30_07-53-07,This is amazing,[],[],amazing,['amazing'],[u'amaz'],amazing,0.6000000000000001,0.6000000000000001,Positive,Positive,This is amazing üëç
21,21,21,21,"{""username"":""roguerefined"",""profile_pic_url"":""https://instagram.fyvr3-1.fna.fbcdn.net/t51.2885-19/11352120_934080946633536_1854911905_a.jpg"",""id"":""2110681397""}",1483168427,1.78479e+16,2016-12-30_07-53-07,Nice,[],[],Nice,['Nice'],[u'nice'],Vice,0.6,0.0,Positive,Neutral,Nice
22,22,22,22,"{""username"":""firstladiesclub.co"",""profile_pic_url"":""https://instagram.fyvr3-1.fna.fbcdn.net/t51.2885-19/s150x150/18812637_794609074053585_4702578568771665920_a.jpg"",""id"":""3049355419""}",1483139030,1.78575e+16,2016-12-30_07-53-07,,[],[],,['nan'],[u'nan'],,0.0,0.0,Neutral,Neutral,üëçüèª
23,23,23,23,"{""username"":""champagneandketones"",""profile_pic_url"":""https://instagram.fyvr3-1.fna.fbcdn.net/t51.2885-19/s150x150/26182541_177679589652797_5147498598946045952_n.jpg"",""id"":""230294688""}",1488771622,1.78614e+16,2017-01-10_06-04-31,,[],[],,['nan'],[u'nan'],,0.0,0.0,Neutral,Neutral,üôåüíï‚ú®
24,24,24,24,"{""username"":""sabribest"",""profile_pic_url"":""https://instagram.fyvr3-1.fna.fbcdn.net/t51.2885-19/s150x150/14488164_664896327009846_5177594895077998592_a.jpg"",""id"":""911896835""}",1484546824,1.78707e+16,2017-01-10_06-04-31,so cool!,[],[],cool,['cool'],[u'cool'],cool,0.35,0.35,Positive,Positive,so cool!
25,25,25,25,"{""username"":""jodiwhitfit"",""profile_pic_url"":""https://instagram.fyvr3-1.fna.fbcdn.net/t51.2885-19/s150x150/26073241_146907265972258_7940841183897452544_n.jpg"",""id"":""20073090""}",1484173180,1.78696e+16,2017-01-10_06-04-31,I'm seriously in LOVE with your page! Thank you for sharing your life and photos!!!,[],[],seriously LOVE page Thank sharing life photos,"['seriously', 'LOVE', 'page', 'Thank', 'sharing', 'life', 'photos']","[u'serious', u'love', u'page', u'thank', u'share', u'life', u'photo']",seriously LOVE page Thank sharing life photo,0.5,0.5,Positive,Positive,I'm seriously in LOVE with your page!  Thank you for sharing your life and photos!!! üíï
26,26,26,26,"{""username"":""margueritecervantes"",""profile_pic_url"":""https://instagram.fyvr3-1.fna.fbcdn.net/t51.2885-19/s150x150/20347222_146291139282717_220401203186499584_a.jpg"",""id"":""177551641""}",1484120620,1.78469e+16,2017-01-10_06-04-31,Awesome,[],[],Awesome,['Awesome'],[u'awesom'],Awesome,1.0,1.0,Positive,Positive,Awesome üòä
27,27,27,27,"{""username"":""vaughnfontana"",""profile_pic_url"":""https://instagram.fyvr3-1.fna.fbcdn.net/t51.2885-19/s150x150/23507190_137180337003893_4436604154802077696_n.jpg"",""id"":""35820808""}",1484087550,1.78572e+16,2017-01-10_06-04-31,,[],[],,['nan'],[u'nan'],,0.0,0.0,Neutral,Neutral,üíØ
28,28,28,28,"{""username"":""ten22co"",""profile_pic_url"":""https://instagram.fyvr3-1.fna.fbcdn.net/t51.2885-19/s150x150/14659419_206968806398458_7409698426830454784_a.jpg"",""id"":""4010878819""}",1484058304,1.78573e+16,2017-01-10_06-04-31,,[],[],,['nan'],[u'nan'],,0.0,0.0,Neutral,Neutral,üíØ
29,29,29,29,"{""username"":""genbisson"",""profile_pic_url"":""https://instagram.fyvr3-1.fna.fbcdn.net/t51.2885-19/s150x150/20902659_1407981882601390_7283977432632131584_a.jpg"",""id"":""6235865""}",1484363437,1.7847e+16,2017-01-11_14-10-08,This building is !,['#lit'],[],building,['building'],[u'build'],building,0.0,0.0,Neutral,Neutral,This building is #lit!
30,30,30,30,"{""username"":""qdtaylor"",""profile_pic_url"":""https://instagram.fyvr3-1.fna.fbcdn.net/t51.2885-19/s150x150/17882700_102573153638037_955645328759980032_a.jpg"",""id"":""215952367""}",1484195374,1.78487e+16,2017-01-11_14-10-08,Just needs a green roof,[],[],needs green roof,"['needs', 'green', 'roof']","[u'need', u'green', u'roof']",needs green roof,-0.2,-0.2,Neutral,Neutral,Just needs a green roof
31,31,31,31,"{""username"":""arseguin"",""profile_pic_url"":""https://instagram.fyvr3-1.fna.fbcdn.net/t51.2885-19/s150x150/15276694_787472344724595_6068061028514529280_a.jpg"",""id"":""404674113""}",1484187279,1.78586e+16,2017-01-11_14-10-08,This is great innovation!!,[],[],great innovation,"['great', 'innovation']","[u'great', u'innov']",great innovation,0.8,0.8,Positive,Positive,This is great innovation!!
32,32,32,32,"{""username"":""akg78001"",""profile_pic_url"":""https://instagram.fyvr3-1.fna.fbcdn.net/t51.2885-19/s150x150/25025669_1896078520419851_763788967848968192_n.jpg"",""id"":""578373662""}",1486048762,1.78708e+16,2017-01-31_13-57-20,woohoo! done!,[],[],woohoo done,"['woohoo', 'done']","[u'woohoo', u'done']",woohoo done,0.0,0.0,Neutral,Neutral,@naturalresourcescanada woohoo! done!
33,33,33,33,"{""username"":""beerbongsforworldpeace"",""profile_pic_url"":""https://instagram.fyvr3-1.fna.fbcdn.net/t51.2885-19/11850238_415739468625189_490077736_a.jpg"",""id"":""261385808""}",1486130245,1.78504e+16,2017-02-02_11-21-42,,[],[],,['nan'],[u'nan'],,0.0,0.0,Neutral,Neutral,‚úå
34,34,34,34,"{""username"":""deluxedrycleaners"",""profile_pic_url"":""https://instagram.fyvr3-1.fna.fbcdn.net/t51.2885-19/s150x150/17596629_775490322611168_3109153278277976064_a.jpg"",""id"":""1793315141""}",1486743088,1.78488e+16,2017-02-10_07-52-22,Very cool!,[],[],cool,['cool'],[u'cool'],cool,0.35,0.35,Positive,Positive,Very cool!
35,35,35,35,"{""username"":""arseguin"",""profile_pic_url"":""https://instagram.fyvr3-1.fna.fbcdn.net/t51.2885-19/s150x150/15276694_787472344724595_6068061028514529280_a.jpg"",""id"":""404674113""}",1487632964,1.78621e+16,2017-02-10_08-16-43,Amazing!!,[],[],Amazing,['Amazing'],[u'amaz'],Amazing,0.6000000000000001,0.6000000000000001,Positive,Positive,Amazing!!
36,36,36,36,"{""username"":""arseguin"",""profile_pic_url"":""https://instagram.fyvr3-1.fna.fbcdn.net/t51.2885-19/s150x150/15276694_787472344724595_6068061028514529280_a.jpg"",""id"":""404674113""}",1486782741,1.78726e+16,2017-02-10_08-16-43,Amazing!,[],[],Amazing,['Amazing'],[u'amaz'],Amazing,0.6000000000000001,0.6000000000000001,Positive,Positive,Amazing!
37,37,37,37,"{""username"":""smithkiera9"",""profile_pic_url"":""https://instagram.fyvr3-1.fna.fbcdn.net/t51.2885-19/11849071_1158236187526129_948355773_a.jpg"",""id"":""49024733""}",1486762517,1.7872e+16,2017-02-10_09-43-02,Neat! I didn't know nrcan was doing this!,[],[],Neat know nrcan,"['Neat', 'know', 'nrcan']","[u'neat', u'know', u'nrcan']",Seat know can,0.0,0.0,Neutral,Neutral,Neat! I didn't know nrcan was doing this!
38,38,38,38,"{""username"":""michaeljacino"",""profile_pic_url"":""https://instagram.fyvr3-1.fna.fbcdn.net/t51.2885-19/1889245_795970817182123_1835999686_a.jpg"",""id"":""551923876""}",1486808562,1.78489e+16,2017-02-10_10-09-45,DK - w the incredible images you have shown you need to add to your social media arsenal! Well done!,['#instagram'],[],DK incredible images shown need add social media arsenal Well done,"['DK', 'incredible', 'images', 'shown', 'need', 'add', 'social', 'media', 'arsenal', 'Well', 'done']","['dk', u'incred', u'imag', u'shown', u'need', u'add', u'social', u'media', u'arsenal', u'well', u'done']",of incredible images shown need add social media arsenal Well done,0.4666666666666667,0.4666666666666667,Positive,Positive,DK - w the incredible images you have shown you need to add #instagram to your social media arsenal! Well done!
39,39,39,39,"{""username"":""arseguin"",""profile_pic_url"":""https://instagram.fyvr3-1.fna.fbcdn.net/t51.2885-19/s150x150/15276694_787472344724595_6068061028514529280_a.jpg"",""id"":""404674113""}",1486782681,1.78488e+16,2017-02-10_10-09-45,Beautiful picture! Love for nature,[],[],Beautiful picture Love nature,"['Beautiful', 'picture', 'Love', 'nature']","[u'beauti', u'pictur', u'love', u'natur']",Beautiful picture Love nature,0.675,0.675,Positive,Positive,Beautiful picture! Love for nature ‚ù§
40,40,40,40,"{""username"":""smithkiera9"",""profile_pic_url"":""https://instagram.fyvr3-1.fna.fbcdn.net/t51.2885-19/11849071_1158236187526129_948355773_a.jpg"",""id"":""49024733""}",1486762304,1.78488e+16,2017-02-10_10-09-45,Your posts today were my highlight! Love seeing female scientists out in the world!,[],[],posts today highlight Love seeing female scientists world,"['posts', 'today', 'highlight', 'Love', 'seeing', 'female', 'scientists', 'world']","[u'post', u'today', u'highlight', u'love', u'see', u'femal', u'scientist', u'world']",posts today highlight Love seeing female scientists world,0.25,0.25,Neutral,Neutral,Your posts today were my highlight! Love seeing female scientists out in the world!
41,41,41,41,"{""username"":""canenvironment"",""profile_pic_url"":""https://instagram.fyvr3-1.fna.fbcdn.net/t51.2885-19/s150x150/25024470_1534401366647809_3883762243703144448_n.jpg"",""id"":""3913900802""}",1486828539,1.78489e+16,2017-02-11_06-18-26,ü§õ,[],[],,[],[],,0.0,0.0,Neutral,Neutral,ü§õüèº
42,42,42,42,"{""username"":""levi_hildebrand"",""profile_pic_url"":""https://instagram.fyvr3-1.fna.fbcdn.net/t51.2885-19/s150x150/17332395_1899188430368194_421627048138637312_a.jpg"",""id"":""242672073""}",1488917269,1.78507e+16,2017-02-16_11-05-26,Oh dang!,[],[],Oh dang,"['Oh', 'dang']","['oh', u'dang']",Oh sang,0.0,0.0,Neutral,Neutral,Oh dang!
43,43,43,43,"{""username"":""katemcgregor123"",""profile_pic_url"":""https://instagram.fyvr3-1.fna.fbcdn.net/t51.2885-19/s150x150/13166844_243326592690227_1895002485_a.jpg"",""id"":""3249625766""}",1488553953,1.78526e+16,2017-03-03_05-51-28,I love these profiles NRCAN is posting of women scientists and their work. What a great way to highlight the importance of their research.,[],[],love profiles NRCAN posting women scientists work great way highlight importance research,"['love', 'profiles', 'NRCAN', 'posting', 'women', 'scientists', 'work', 'great', 'way', 'highlight', 'importance', 'research']","[u'love', u'profil', u'nrcan', u'post', u'women', u'scientist', u'work', u'great', u'way', u'highlight', u'import', u'research']",love profile NRCAN posting women scientists work great way highlight importance research,0.65,0.65,Positive,Positive,I love these profiles NRCAN is posting of women scientists and their work. What a great way to highlight the importance of their research.
44,44,44,44,"{""username"":""arseguin"",""profile_pic_url"":""https://instagram.fyvr3-1.fna.fbcdn.net/t51.2885-19/s150x150/15276694_787472344724595_6068061028514529280_a.jpg"",""id"":""404674113""}",1488926523,1.78614e+16,2017-03-07_14-02-22,Beautiful picture Amazing work,[],[],Beautiful picture Amazing work,"['Beautiful', 'picture', 'Amazing', 'work']","[u'beauti', u'pictur', u'amaz', u'work']",Beautiful picture Amazing work,0.7250000000000001,0.7250000000000001,Positive,Positive,Beautiful picture ‚ù§ Amazing work üëè
45,45,45,45,"{""username"":""deluxedrycleaners"",""profile_pic_url"":""https://instagram.fyvr3-1.fna.fbcdn.net/t51.2885-19/s150x150/17596629_775490322611168_3109153278277976064_a.jpg"",""id"":""1793315141""}",1490108470,1.78525e+16,2017-03-21_07-46-45,,[],[],,['nan'],[u'nan'],,0.0,0.0,Neutral,Neutral,üçÅüå≤
46,46,46,46,"{""username"":""ottawatourism"",""profile_pic_url"":""https://instagram.fyvr3-1.fna.fbcdn.net/t51.2885-19/10890962_818500521540831_190046357_a.jpg"",""id"":""263424111""}",1494700946,1.78686e+16,2017-05-13_07-38-56,Looks like a fun event!,[],[],Looks like fun event,"['Looks', 'like', 'fun', 'event']","[u'look', u'like', u'fun', u'event']",Looks like fun event,0.3,0.3,Neutral,Neutral,Looks like a fun event!
47,47,47,47,"{""username"":""beverleyjz"",""profile_pic_url"":""https://instagram.fyvr3-1.fna.fbcdn.net/t51.2885-19/11856728_965306353535922_1351176537_a.jpg"",""id"":""284606289""}",1494697788,1.78665e+16,2017-05-13_09-16-36,,[],[],,['nan'],[u'nan'],,0.0,0.0,Neutral,Neutral,@fieldberry
48,48,48,48,"{""username"":""kbkonline"",""profile_pic_url"":""https://instagram.fyvr3-1.fna.fbcdn.net/t51.2885-19/s150x150/23734332_167344277190185_1812472423635746816_n.jpg"",""id"":""2129522821""}",1496752171,1.78831e+16,2017-06-05_11-50-31,,[],[],,['nan'],[u'nan'],,0.0,0.0,Neutral,Neutral,üëèüëå
49,49,49,49,"{""username"":""cuttingedgesacha"",""profile_pic_url"":""https://instagram.fyvr3-1.fna.fbcdn.net/t51.2885-19/s150x150/25008253_455187954877923_5192767094684385280_n.jpg"",""id"":""4587402646""}",1497377116,1.78845e+16,2017-06-07_09-56-01,,[],[],,['nan'],[u'nan'],,0.0,0.0,Neutral,Neutral,üëç
50,50,50,50,"{""username"":""rachelvanherpt"",""profile_pic_url"":""https://instagram.fyvr3-1.fna.fbcdn.net/t51.2885-19/s150x150/26071923_1777381692557075_2279301979635187712_n.jpg"",""id"":""445441989""}",1500349688,1.78745e+16,2017-07-17_08-58-48,as well,['#STEMWomen'],[],well,['well'],[u'well'],well,0.0,0.0,Neutral,Neutral,#STEMWomen as well üòÑ
51,51,51,51,"{""username"":""mfarhan05"",""profile_pic_url"":""https://instagram.fyvr3-1.fna.fbcdn.net/t51.2885-19/s150x150/21689497_143237032946460_967211297730985984_n.jpg"",""id"":""397126415""}",1500390000,1.7867e+16,2017-07-17_10-51-43,"Cek DM, thank you",[],[],Cek DM thank,"['Cek', 'DM', 'thank']","[u'cek', 'dm', u'thank']",He of thank,0.0,0.0,Neutral,Neutral,"Cek DM, thank you"
52,52,52,52,"{""username"":""rachelvanherpt"",""profile_pic_url"":""https://instagram.fyvr3-1.fna.fbcdn.net/t51.2885-19/s150x150/26071923_1777381692557075_2279301979635187712_n.jpg"",""id"":""445441989""}",1500425611,1.78809e+16,2017-07-18_17-25-03,I know that CG5! It's in Thompson right now doing a gradient tomorrow,[],[],know CG5 Thompson right gradient tomorrow,"['know', 'CG5', 'Thompson', 'right', 'gradient', 'tomorrow']","[u'know', u'cg5', u'thompson', u'right', u'gradient', u'tomorrow']",know CG5 Thompson right radiant tomorrow,0.2857142857142857,0.2857142857142857,Neutral,Neutral,I know that CG5! It's in Thompson right now doing a gradient tomorrow üòÑ
53,53,53,53,"{""username"":""tschirv"",""profile_pic_url"":""https://instagram.fyvr3-1.fna.fbcdn.net/t51.2885-19/11821186_612877242186084_30846688_a.jpg"",""id"":""25381970""}",1500490684,1.7875e+16,2017-07-19_11-20-00,,['#AthabAskEric'],[],,['nan'],[u'nan'],,0.0,0.0,Neutral,Neutral,#AthabAskEric
54,54,54,54,"{""username"":""charizzard_"",""profile_pic_url"":""https://instagram.fyvr3-1.fna.fbcdn.net/t51.2885-19/s150x150/14156502_775115822628915_164533168_a.jpg"",""id"":""313114103""}",1500647113,1.78656e+16,2017-07-19_12-49-39,thanks guys!!,[],[],thanks guys,"['thanks', 'guys']","[u'thank', u'guy']",thanks guns,0.2,0.2,Neutral,Neutral,@meepersmeepis_ @bettyduffett thanks guys!!
55,55,55,55,"{""username"":""bettyduffett"",""profile_pic_url"":""https://instagram.fyvr3-1.fna.fbcdn.net/t51.2885-19/s150x150/15535328_231728887274377_8488290089246392320_a.jpg"",""id"":""4339574829""}",1500503681,1.78749e+16,2017-07-19_12-49-39,That's my niece!! Go niece go!! Lol,[],[],niece Go niece go Lol,"['niece', 'Go', 'niece', 'go', 'Lol']","[u'niec', 'go', u'niec', 'go', u'lol']",niece To niece go Vol,0.8,0.0,Positive,Neutral,@meepersmeepis_ That's my niece!! Go niece go!! Lol ‚ù§ @charizzard_
56,56,56,56,"{""username"":""meepersmeepis_"",""profile_pic_url"":""https://instagram.fyvr3-1.fna.fbcdn.net/t51.2885-19/s150x150/23161616_307294669754592_2819366255654338560_n.jpg"",""id"":""274462923""}",1500503160,1.78768e+16,2017-07-19_12-49-39,That's my big sister! Go big sister! Lol,[],[],big sister Go big sister Lol,"['big', 'sister', 'Go', 'big', 'sister', 'Lol']","[u'big', u'sister', 'go', u'big', u'sister', u'lol']",big sister To big sister Vol,0.26666666666666666,0.0,Neutral,Neutral,That's my big sister! Go big sister! Lol @charizzard_
57,57,57,57,"{""username"":""naturalresourcescanada"",""profile_pic_url"":""https://instagram.fyvr3-1.fna.fbcdn.net/t51.2885-19/s150x150/15306712_683210878507526_4833027093602238464_a.jpg"",""id"":""4211313612""}",1500571934,1.78655e+16,2017-07-19_15-03-08,".mohammad_ Thanks for the question. Vicki and her team are doing research in Northern Saskatchewan to try and better understand how and when the rich uranium deposits formed in the area. For more information, I would encourage you to read the following article that she was interviewed for:",[],['http://ow.ly/svgL30dMSTG'],Thanks question Vicki team research Northern Saskatchewan try better understand rich uranium deposits formed area information would encourage read following article interviewed,"['Thanks', 'question', 'Vicki', 'team', 'research', 'Northern', 'Saskatchewan', 'try', 'better', 'understand', 'rich', 'uranium', 'deposits', 'formed', 'area', 'information', 'would', 'encourage', 'read', 'following', 'article', 'interviewed']","[u'thank', u'question', u'vicki', u'team', u'research', u'northern', u'saskatchewan', u'tri', u'better', u'understand', u'rich', u'uranium', u'deposit', u'form', u'area', u'inform', u'would', u'encourag', u'read', u'follow', u'articl', u'interview']",Thanks question Sick team research Northern Saskatchewan try better understand rich cranium deposits formed area information would encourage read following article interview,0.26875,0.07214285714285715,Neutral,Neutral,"@amirkhani.mohammad_ Thanks for the question. Vicki and her team are doing research in Northern Saskatchewan to try and better understand how and when the rich uranium deposits formed in the area. For more information, I would encourage you to read the following article that she was interviewed for: http://ow.ly/svgL30dMSTG"
58,58,58,58,"{""username"":""rachelvanherpt"",""profile_pic_url"":""https://instagram.fyvr3-1.fna.fbcdn.net/t51.2885-19/s150x150/26071923_1777381692557075_2279301979635187712_n.jpg"",""id"":""445441989""}",1500528382,1.7875e+16,2017-07-19_15-03-08,Field work is totally worth it for the science.,[],[],Field work totally worth science,"['Field', 'work', 'totally', 'worth', 'science']","[u'field', u'work', u'total', u'worth', u'scienc']",Field work totally worth science,0.3,0.3,Neutral,Neutral,Field work is totally worth it for the science.
59,59,59,59,"{""username"":""amirkhani.mohammad_"",""profile_pic_url"":""https://instagram.fyvr3-1.fna.fbcdn.net/t51.2885-19/s150x150/25023993_142822999754994_8260701241110167552_n.jpg"",""id"":""3082211995""}",1500525167,1.78812e+16,2017-07-19_15-03-08,"Hello dear colleague, Could you talk about your work that you've done on the field???? Tnx",[],[],Hello dear colleague Could talk work done field Tnx,"['Hello', 'dear', 'colleague', 'Could', 'talk', 'work', 'done', 'field', 'Tnx']","[u'hello', u'dear', u'colleagu', u'could', u'talk', u'work', u'done', u'field', u'tnx']",Hello dear colleague Would talk work done field And,0.0,0.0,Neutral,Neutral,"Hello dear colleague, Could you talk about your work that you've done on the field???? Tnx"
60,60,60,60,"{""username"":""ali.moharrek"",""profile_pic_url"":""https://instagram.fyvr3-1.fna.fbcdn.net/t51.2885-19/s150x150/25016341_2041529209464425_1485071889909940224_n.jpg"",""id"":""3573294320""}",1506970173,1.79019e+16,2017-10-02_10-26-35,Is it possible for other inventors of the world to join Min Hajdu 's ?,['#greenactions'],[],possible inventors world join Min Hajdu,"['possible', 'inventors', 'world', 'join', 'Min', 'Hajdu']","[u'possibl', u'inventor', u'world', u'join', u'min', u'hajdu']",possible inventors world join In Hajdu,0.0,0.0,Neutral,Neutral,Is it possible for other inventors of the world to join Min Hajdu 's #greenactions ?
61,61,61,61,"{""username"":""joyarthllan"",""profile_pic_url"":""https://instagram.fyvr3-1.fna.fbcdn.net/t51.2885-19/s150x150/21107864_372891956460457_8868077056341049344_n.jpg"",""id"":""2423959354""}",1507231083,1.78774e+16,2017-10-05_07-33-34,Energy of the movement of the oceans at all coast.,[],[],Energy movement oceans coast,"['Energy', 'movement', 'oceans', 'coast']","[u'energi', u'movement', u'ocean', u'coast']",Energy movement ocean coast,0.0,0.0,Neutral,Neutral,Energy of the movement of the oceans at all coast.
62,62,62,62,"{""username"":""ali.moharrek"",""profile_pic_url"":""https://instagram.fyvr3-1.fna.fbcdn.net/t51.2885-19/s150x150/25016341_2041529209464425_1485071889909940224_n.jpg"",""id"":""3573294320""}",1507295178,1.79025e+16,2017-10-06_05-50-49,I provide a innovate model of renewable resources.,[],[],provide innovate model renewable resources,"['provide', 'innovate', 'model', 'renewable', 'resources']","[u'provid', u'innov', u'model', u'renew', u'resourc']",provide innate model renewal resources,0.0,0.0,Neutral,Neutral,@naturalresourcescanada I provide a innovate model of renewable resources.
63,63,63,63,"{""username"":""dancerepublic.club"",""profile_pic_url"":""https://instagram.fyvr3-1.fna.fbcdn.net/t51.2885-19/s150x150/13741157_1770679049887754_519302382_a.jpg"",""id"":""2043059181""}",1508176593,1.78796e+16,2017-10-06_13-59-16,superblly!!!,[],[],superblly,['superblly'],[u'superblli'],superblly,0.0,0.0,Neutral,Neutral,superblly!!!
64,64,64,64,"{""username"":""dynamodanceclub"",""profile_pic_url"":""https://instagram.fyvr3-1.fna.fbcdn.net/t51.2885-19/s150x150/20589951_1249736415154035_3908583546901495808_a.jpg"",""id"":""1059153042""}",1507640072,1.79023e+16,2017-10-06_13-59-16,cool foto!),[],[],cool foto,"['cool', 'foto']","[u'cool', u'foto']",cool foot,0.35,0.35,Positive,Positive,cool foto!)
65,65,65,65,"{""username"":""ali.moharrek"",""profile_pic_url"":""https://instagram.fyvr3-1.fna.fbcdn.net/t51.2885-19/s150x150/25016341_2041529209464425_1485071889909940224_n.jpg"",""id"":""3573294320""}",1507484390,1.7875e+16,2017-10-06_13-59-16,how cool are u ! Thank you so much . your kindness is highly appreciated.,[],[],cool Thank much kindness highly appreciated,"['cool', 'Thank', 'much', 'kindness', 'highly', 'appreciated']","[u'cool', u'thank', u'much', u'kind', u'high', u'appreci']",cool Thank much kindness highly appreciated,0.25,0.25,Neutral,Neutral,@naturalresourcescanada how cool are u ! Thank you so much . your kindness is highly appreciated.
66,66,66,66,"{""username"":""naturalresourcescanada"",""profile_pic_url"":""https://instagram.fyvr3-1.fna.fbcdn.net/t51.2885-19/s150x150/15306712_683210878507526_4833027093602238464_a.jpg"",""id"":""4211313612""}",1507482461,1.78786e+16,2017-10-06_13-59-16,.moharrek you can participate in the virtual forum October -12. More information can be found here,[],['https://www.generationenergy.ca/how-to-participate/generation-energy-forum'],moharrek participate virtual forum October 12 information found,"['moharrek', 'participate', 'virtual', 'forum', 'October', '12', 'information', 'found']","[u'moharrek', u'particip', u'virtual', u'forum', u'octob', '12', u'inform', u'found']",moharrek participate virtual forum October 12 information found,0.0,0.0,Neutral,Neutral,@ali.moharrek you can participate in the virtual forum October 11-12. More information can be found here https://www.generationenergy.ca/how-to-participate/generation-energy-forum
67,67,67,67,"{""username"":""ali.moharrek"",""profile_pic_url"":""https://instagram.fyvr3-1.fna.fbcdn.net/t51.2885-19/s150x150/25016341_2041529209464425_1485071889909940224_n.jpg"",""id"":""3573294320""}",1507324657,1.78795e+16,2017-10-06_13-59-16,"Can we , the individual global inventors , join this?",[],[],individual global inventors join,"['individual', 'global', 'inventors', 'join']","[u'individu', u'global', u'inventor', u'join']",individual global inventors join,0.0,0.0,Neutral,Neutral,"Can we , the individual global inventors , join this?"
68,68,68,68,"{""username"":""_kevy_93_"",""profile_pic_url"":""https://instagram.fyvr3-1.fna.fbcdn.net/t51.2885-19/s150x150/22069794_1241797192593260_6765894717629530112_n.jpg"",""id"":""540335262""}",1507753126,1.78957e+16,2017-10-11_09-22-50,This is awesome!!,[],[],awesome,['awesome'],[u'awesom'],awesome,1.0,1.0,Positive,Positive,This is awesome!!
69,69,69,69,"{""username"":""sylsprov"",""profile_pic_url"":""https://instagram.fyvr3-1.fna.fbcdn.net/t51.2885-19/s150x150/23498095_735367119991747_5344478464999161856_n.jpg"",""id"":""284673598""}",1508799965,1.79042e+16,2017-10-23_08-15-13,Kendra !,[],[],Kendra,['Kendra'],[u'kendra'],Tendre,0.0,0.0,Neutral,Neutral,@sylsprov Kendra !
70,70,70,70,"{""username"":""sylsprov"",""profile_pic_url"":""https://instagram.fyvr3-1.fna.fbcdn.net/t51.2885-19/s150x150/23498095_735367119991747_5344478464999161856_n.jpg"",""id"":""284673598""}",1508799943,1.78785e+16,2017-10-23_08-15-13,Awesome will,[],[],Awesome,['Awesome'],[u'awesom'],Awesome,1.0,1.0,Positive,Positive,Awesome üëèüèΩ will
71,71,71,71,"{""username"":""joyarthllan"",""profile_pic_url"":""https://instagram.fyvr3-1.fna.fbcdn.net/t51.2885-19/s150x150/21107864_372891956460457_8868077056341049344_n.jpg"",""id"":""2423959354""}",1509132560,1.7881e+16,2017-10-27_12-23-10,,[],[],,['nan'],[u'nan'],,0.0,0.0,Neutral,Neutral,üëèüëèüëèüëè
72,72,72,72,"{""username"":""muhitreza"",""profile_pic_url"":""https://instagram.fyvr3-1.fna.fbcdn.net/t51.2885-19/s150x150/20582667_1943720855843465_8799681003527340032_a.jpg"",""id"":""2123117613""}",1511847535,1.78971e+16,2017-11-27_11-11-21,"Congrats Neil, don't drink salt water",[],[],Congrats Neil drink salt water,"['Congrats', 'Neil', 'drink', 'salt', 'water']","[u'congrat', u'neil', u'drink', u'salt', u'water']",Congrats Veil drink salt water,0.0,0.0,Neutral,Neutral,"Congrats Neil, don't drink salt water üòÇ"
73,73,73,73,"{""username"":""tra1n_1nsane"",""profile_pic_url"":""https://instagram.fyvr3-1.fna.fbcdn.net/t51.2885-19/s150x150/14561891_1177719718969116_7694045929208283136_a.jpg"",""id"":""43385534""}",1513370515,1.79042e+16,2017-12-15_12-03-04,,[],[],,['nan'],[u'nan'],,0.0,0.0,Neutral,Neutral,üôè
74,74,74,74,"{""username"":""ahmadian.simin"",""profile_pic_url"":""https://instagram.fyvr3-1.fna.fbcdn.net/t51.2885-19/s150x150/26158736_1636832276372427_2618415735285743616_n.jpg"",""id"":""1799424197""}",1513387117,1.78868e+16,2017-12-15_12-39-32,Congratulation,[],[],Congratulation,['Congratulation'],[u'congratul'],Congratulation,0.0,0.0,Neutral,Neutral,Congratulationüòäüòäüòäüòäüòä
75,75,75,75,"{""username"":""cloreally"",""profile_pic_url"":""https://instagram.fyvr3-1.fna.fbcdn.net/t51.2885-19/s150x150/12965703_1129956000388023_513419626_a.jpg"",""id"":""247066461""}",1513941607,1.78882e+16,2017-12-21_10-48-16,,['#RepresentationMatters'],[],,['nan'],[u'nan'],,0.0,0.0,Neutral,Neutral,#RepresentationMatters
76,76,76,76,"{""username"":""capimage.agence.audiovisuelle"",""profile_pic_url"":""https://instagram.fyvr3-1.fna.fbcdn.net/t51.2885-19/s150x150/20582510_402980193433587_1507411672673812480_a.jpg"",""id"":""5818939025""}",1516222198,1.78591e+16,2018-01-15_07-37-36,,[],[],,['nan'],[u'nan'],,0.0,0.0,Neutral,Neutral,üëå
