,status_id,link_name,status_type,status_link,status_published,num_reactions,num_comments,num_shares,num_likes,num_loves,num_wows,num_hahas,num_sads,num_angrys,num_special,status_message_cleaned,hashtags,urls
0,632493333805962_671520849903210,ENERGY STAR Canada,photo,https://www.facebook.com/ENERGYSTARCanada/photos/a.1665643680417013.1073741828.1665529797095068/1902006380114074/?type=3,2017-12-28 14:42:27,3,0,1,3,0,0,0,0,0,0,nan,[],[]
1,632493333805962_667628813625747,Today‚Äôs Green Holiday tip,video,https://www.facebook.com/EnvironmentandClimateChange/videos/667628813625747/,2017-12-25 16:00:00,6,0,0,5,1,0,0,0,0,0,Today‚Äôs Green Holiday tip: Save energy (and money) by using LED lightbulbs on a timer!,[],[]
2,632493333805962_669383863450242,Timeline Photos,photo,https://www.facebook.com/EnvironmentandClimateChange/photos/a.642042859517676.1073741828.632493333805962/669383863450242/?type=3,2017-12-24 15:25:03,1,0,2,1,0,0,0,0,0,0,Looking for activities for your kids over the holidays? Have them play and elore,['#ClimateKids'],['http://ow.ly/wmJz30hnMjo']
3,632493333805962_667620380293257,Video chat,video,https://www.facebook.com/EnvironmentandClimateChange/videos/667620380293257/,2017-12-24 10:00:00,1,0,2,1,0,0,0,0,0,0,"This holiday season, call, email, or video-chat with your family to cut back on waste, and reduce your impact on the planet!",[],[]
4,632493333805962_667617400293555,Tickets,video,https://www.facebook.com/EnvironmentandClimateChange/videos/667617400293555/,2017-12-23 16:00:00,6,0,1,6,0,0,0,0,0,0,"This year for a Green Holiday gift, give an eerience that will last a lifetime and not end up in a landfill! Instead of giving merchandise, give tickets to a play, movie or sporting event or a gift certificate for dinner, a sports club membership or a spa treatment! The less material you buy the smaller your holiday carbon footprint will be.",[],[]
5,632493333805962_667614596960502,vintage one-of-a-kind-gifts,video,https://www.facebook.com/EnvironmentandClimateChange/videos/667614596960502/,2017-12-23 14:00:00,3,0,1,3,0,0,0,0,0,0,"This season go on the hunt for the perfect vintage one-of-a-kind-gift for your loved ones! Reduce your carbon footprint and buy second-hand toys, books, skis, and clothes to recycle old products and give them a new home.",[],[]
6,632493333805962_667601930295102,Wrapping gifts in reusable materials,video,https://www.facebook.com/EnvironmentandClimateChange/videos/667601930295102/,2017-12-22 14:00:00,1,0,1,1,0,0,0,0,0,0,"Wrapping gifts in reusable materials, like comics, old maps, or magazines is fun, and saves you money. You can also cut up old holiday cards to make gift tags or decorations to hang.",[],[]
7,632493333805962_667589013629727,"This holiday season, shop smart and sustainably!",video,https://www.facebook.com/EnvironmentandClimateChange/videos/667589013629727/,2017-12-22 10:30:00,1,0,0,1,0,0,0,0,0,0,"This holiday season, shop smart and sustainably! Tag a friend who is good about shopping with reusable cloth bags, who avoids buying over-packaged goods, or who has an eye for gifting reusable products!",[],[]
8,632493333805962_667586463629982,On the naughty list this year?,video,https://www.facebook.com/EnvironmentandClimateChange/videos/667586463629982/,2017-12-21 17:00:00,5,0,5,4,1,0,0,0,0,0,"On the naughty list this year? You won‚Äôt find a stocking full of coal from Santa thanks to the Canada-UK led Powering Past Coal Agreement. Canada and partners from around the world are united in phasing-out traditional coal power, making a cleaner more sustainable future for everyone. Learn more about this historical agreement:",[],['http://ow.ly/PFs830hnsjm']
9,632493333805962_667657650289530,One Planet Summit,video,https://www.facebook.com/EnvironmentandClimateChange/videos/667657650289530/,2017-12-21 16:17:23,4,0,10,3,1,0,0,0,0,0,On Dec Minister McKenna attended and worked with leaders from public and private sectors on new and innovative,"['#OnePlanetSummit', '#ClimateAction']",[]
10,632493333805962_667653540289941,Timeline Photos,photo,https://www.facebook.com/EnvironmentandClimateChange/photos/a.642042859517676.1073741828.632493333805962/667653540289941/?type=3,2017-12-21 15:58:03,5,0,2,5,0,0,0,0,0,0,"Today, the governments of Canada and Alberta have agreed to renew their commitment to provide clear and scientifically rigorous information on the environmental impacts of oil sands development in northeastern Alberta. The agreement recognizes that Indigenous people are valued partners in helping conserving and protecting our environment and that both traditional and scientific knowledge are critical components in environmental decision-making. Alberta Environment",[],['http://ow.ly/4moR30hnGII']
11,632493333805962_667637870291508,Canada is taking serious action to fight climate change.,video,https://www.facebook.com/EnvironmentandClimateChange/videos/667637870291508/,2017-12-21 15:13:27,3,0,1,2,1,0,0,0,0,0,Canada is taking serious action to fight climate change. Putting a price on carbon pollution is the most efficient way to reduce pollution and drive innovation. Just another way that we are leading in global climate action.,[],[]
12,632493333805962_667581956963766,Holiday waste,video,https://www.facebook.com/EnvironmentandClimateChange/videos/667581956963766/,2017-12-21 12:43:46,1,0,1,1,0,0,0,0,0,0,More waste is generated during the holiday season than any other time of the year. What will you do this year to reduce the amount of waste you produce? Here are some small things you can do daily to help reduce your impact on the environment:,[],['http://ow.ly/NU4g30hnrbS']
13,632493333805962_667568466965115,winter solstice,video,https://www.facebook.com/EnvironmentandClimateChange/videos/667568466965115/,2017-12-21 12:10:02,4,0,4,4,0,0,0,0,0,0,"Today is the winter solstice, which marks the shortest day of the year. To reduce your energy consumption plan a cozy evening with candles, bring out some board games, and enjoy well-deserved time with your family!",[],[]
14,632493333805962_667544760300819,Timeline Photos,photo,https://www.facebook.com/EnvironmentandClimateChange/photos/a.642042859517676.1073741828.632493333805962/667544760300819/?type=3,2017-12-21 11:15:05,1,0,2,0,1,0,0,0,0,0,"From wildfires in British Columbia to ice storms in Atlantic Canada, weather eerts at Environment and Climate Change Canada have drawn up their choice of the Top Weather Stories from across the country in . Extreme weather events like these demonstrate the effects of climate change, and remind us of the need to act now on climate both internationally and here at home.",['#Top10Weather'],['http://ow.ly/6M5930hn7Ym']
15,632493333805962_667462033642425,Top 10 Weather Stories for 2017,video,https://www.facebook.com/EnvironmentandClimateChange/videos/667462033642425/,2017-12-21 08:38:18,8,1,47,6,2,0,0,0,0,0,"Canadians had plenty of weather to talk about this year! Flooding caused significant damage in parts of Quebec and Ontario, while winter storms walloped Atlantic Canada. British Columbians faced the most destructive wildfire season in the province‚Äôs history, and record hot and dry conditions in the West also meant a year of distress for farmers and ranchers. From a list of significant weather events across Canada in , Environment and Climate Change Canada‚Äôs eerts have drawn up their choice of the Top Weather Stories from across the country. To know more:",[],['http://ow.ly/AKbo30hn2st']
16,632493333805962_666382390417056,Your Government at Work,video,https://www.facebook.com/YourGovernmentatWork/videos/531823473850748/,2017-12-19 13:56:35,2,1,0,1,1,0,0,0,0,0,nan,[],[]
17,632493333805962_664200430635252,Low Carbon Economy Fund,video,https://www.facebook.com/EnvironmentandClimateChange/videos/664200430635252/,2017-12-15 14:31:57,3,0,2,3,0,0,0,0,0,0,"We‚Äôve got big news! The Government of Canada will provide over $1B from the Low Carbon Economy Fund over the next five years to the provinces of British Columbia, Alberta, Ontario, Quebec, New Brunswick, and Nova Scotia. Canada is committed to growing the economy and protecting the environment for future generations.",[],['http://ow.ly/SUOx30hfWbI']
18,632493333805962_664058260649469,The Low Carbon Economy Fund,video,https://www.facebook.com/EnvironmentandClimateChange/videos/663786990676596/,2017-12-15 09:30:09,19,17,14,16,3,0,0,0,0,0,Facebook Live: Minister McKenna announces an exciting new initiative to support a clean growth low carbon economy!,[],[]
19,632493333805962_663818704006758,,photo,https://www.facebook.com/EnvironmentandClimateChange/photos/a.642042859517676.1073741828.632493333805962/663818237340138/?type=3,2017-12-14 23:09:31,8,1,3,8,0,0,0,0,0,0,"The Government of Canada will be announcing a new fund to help support a low carbon economy. Check out our Facebook LIVE tomorrow, December at :30am EST for more info!",[],['http://www.facebook.com/EnvironmentandClimateChange/']
20,632493333805962_663674177354544,G7 Canada,video,https://www.facebook.com/G7Canada/videos/353112805154634/,2017-12-14 16:07:35,3,0,0,3,0,0,0,0,0,0,nan,[],[]
21,632493333805962_663206447401317,Timeline Photos,photo,https://www.facebook.com/EnvironmentandClimateChange/photos/a.642042859517676.1073741828.632493333805962/663206447401317/?type=3,2017-12-13 18:15:43,4,1,3,3,1,0,0,0,0,0,"Canada is taking the next steps to develop a Clean Fuel Standard, with a goal of reducing yearly emissions the same as taking million cars off the roads! As one of the key actions under our made-in-Canada plan to fight climate change, we will meet with provinces, territories, industry groups, and non-governmental organizations to seek their input. Read the framework to find out how we are protecting our environment, our health, and our future prosperity.",[],['http://ow.ly/keyj30hddBp']
22,632493333805962_662620630793232,Well-paying green jobs,video,https://www.facebook.com/EnvironmentandClimateChange/videos/662620630793232/,2017-12-13 16:00:00,2,0,3,2,0,0,0,0,0,0,We are creating well-paying green jobs to ensure future generations have a prosperous and sustainable economy.,[],['http://ow.ly/GZvF30hboxT']
23,632493333805962_663139604074668,Timeline Photos,photo,https://www.facebook.com/EnvironmentandClimateChange/photos/a.642042859517676.1073741828.632493333805962/663139604074668/?type=3,2017-12-13 14:53:40,5,0,0,4,1,0,0,0,0,0,"December is Month, so we‚Äôre highlighting Environment and Climate Change Canada scientists who work in the North and how their research contributes to a better understanding of the threats facing Arctic ecosystems. Rob, who studies polar bears in the circumpolar Arctic, works in partnership with local Inuit hunters to determine how chemical contaminants are impacting polar bear‚Äôs health. C",['#ArcticScience'],['http://ow.ly/XKrP30hcWF']
24,632493333805962_663115747410387,Bird Studies Canada,photo,https://www.facebook.com/birdscanada/photos/a.389647681120588.92860.358787267539963/1534732289945449/?type=3,2017-12-13 13:51:37,3,0,0,2,1,0,0,0,0,0,nan,[],[]
25,632493333805962_663112914077337,Timeline Photos,photo,https://www.facebook.com/EnvironmentandClimateChange/photos/a.642042859517676.1073741828.632493333805962/663112914077337/?type=3,2017-12-13 13:40:05,4,0,4,3,1,0,0,0,0,0,"‚Äì Minister McKenna is leading a trade mission: Cypher Environmental is a üá®üá¶ company specializing in dust control, soil and water remediation solutions.","['#CanadaInChina', '#CleanTech', '#ClimateAction']",['http://ow.ly/9BAc30h82Dj']
26,632493333805962_663077714080857,Timeline Photos,photo,https://www.facebook.com/EnvironmentandClimateChange/photos/a.642042859517676.1073741828.632493333805962/663077714080857/?type=3,2017-12-13 12:01:00,3,0,2,3,0,0,0,0,0,0,Are you a teacher or parent? Get your children and students to play the Climate Science Brain Buster game! Check out the certificate children will get after playing the game.,[],['http://ow.ly/imWN30hbpPN']
27,632493333805962_663077640747531,Timeline Photos,photo,https://www.facebook.com/EnvironmentandClimateChange/photos/a.642042859517676.1073741828.632493333805962/663077640747531/?type=3,2017-12-13 12:00:53,2,0,0,2,0,0,0,0,0,0,"The Public Transit Infrastructure Fund serves Canadian projects such as bike path redevelopments, installing more cycling racks and bus stop upgrades. This encourages more Canadians to take part in active transportation and take action on climate change by reducing greenhouse gas emissions.",[],[]
28,632493333805962_662615827460379,The Public Transit Infrastructure Fund,video,https://www.facebook.com/EnvironmentandClimateChange/videos/662615827460379/,2017-12-13 12:00:00,2,0,1,2,0,0,0,0,0,0,Environment and Climate Change is proud of the small town of Cochrane Ontario that will purchase their first bus for public transit. The Public Transit Infrastructure Fund serves Canadian projects! Public transit is environmentally-friendly & contributes to reducing greenhouse gas emissions! Want to know more?,[],['http://ow.ly/O4RD30hbnff']
29,632493333805962_663067987415163,Timeline Photos,photo,https://www.facebook.com/EnvironmentandClimateChange/photos/a.642042859517676.1073741828.632493333805962/663067987415163/?type=3,2017-12-13 11:35:04,1,0,0,0,1,0,0,0,0,0,‚Äì Minister McKenna is leading a trade mission: Pure Technologies Ltd. is a üá®üá¶ company specializing in maintaining infrastructure like waste water treatment centers and power lines. 8290,"['#CanadaInChina', '#CleanTech', '#ClimateAction']",['http://ow.ly/n3zP30h']
30,632493333805962_663031404085488,Timeline Photos,photo,https://www.facebook.com/EnvironmentandClimateChange/photos/a.642042859517676.1073741828.632493333805962/663031404085488/?type=3,2017-12-13 10:15:06,0,0,0,0,0,0,0,0,0,0,‚Äì Minister McKenna is leading a trade mission: SNC-Lavalin is a üá®üá¶ company specializing in cleaning up contaminated sites and waste-management.,"['#CanadaInChina', '#CleanTech', '#ClimateAction']",['http://ow.ly/TJuz30h81Mf']
31,632493333805962_662656424122986,Timeline Photos,photo,https://www.facebook.com/EnvironmentandClimateChange/photos/a.642042859517676.1073741828.632493333805962/662656424122986/?type=3,2017-12-12 16:00:32,2,0,1,2,0,0,0,0,0,0,Did you know: a five-minute shower uses about litres of water? Get your kids to discover what climate actions they can take based on their habits:,[],['http://ow.ly/o81z30hbmzf']
32,632493333805962_662616164127012,Timeline Photos,photo,https://www.facebook.com/EnvironmentandClimateChange/photos/a.642042859517676.1073741828.632493333805962/662616164127012/?type=3,2017-12-12 14:00:17,2,0,2,2,0,0,0,0,0,0,"On this day in , Canada, along with other countries, reached a historic milestone by adopting the Paris Agreement. We are taking action to limit temperature rise to well below ¬∞C.",['#ClimateAction'],['http://ow.ly/3o5y30hbhmM']
33,632493333805962_662588960796399,Timeline Photos,photo,https://www.facebook.com/EnvironmentandClimateChange/photos/a.642042859517676.1073741828.632493333805962/662588960796399/?type=3,2017-12-12 13:05:05,6,0,3,5,0,1,0,0,0,0,"Ballard Power System, a Canadian company, will produce fuel cell engines for trams in France. These will be the first hydrogen bus routes in France and the only emission will be water vapour! Check it out:",[],['http://ow.ly/Fhip30hbh0Z']
34,632493333805962_662544887467473,Environment and Natural Resources in Canada,photo,https://www.facebook.com/EnvironmentandNaturalResourcesinCanada/photos/a.338211969044.199983.318424514044/10156805117074045/?type=3,2017-12-12 11:42:05,2,0,0,2,0,0,0,0,0,0,nan,[],[]
35,632493333805962_662531340802161,The Cleantech Global campaign,video,https://www.facebook.com/EnvironmentandClimateChange/videos/662531340802161/,2017-12-12 11:23:02,1,0,1,1,0,0,0,0,0,0,Do you work at a company that is interested in clean tech and green infrastructure? Come learn about government programs and services that will help you capitalize on growing global market opportunities! The Cleantech Global campaign is a series of workshops across Canada being held over the next three years. Check out the video to hear about a Canadian cleantech success story. Subscribe for updates on upcoming clean tech workshops and find out more:,[],['http://ow.ly/xWpi30hb7V3']
36,632493333805962_662503364138292,Timeline Photos,photo,https://www.facebook.com/EnvironmentandClimateChange/photos/a.642042859517676.1073741828.632493333805962/662503364138292/?type=3,2017-12-12 10:10:12,2,0,0,2,0,0,0,0,0,0,"Canadian company, Innergex, produces clean electricity in France. The company has windmill farms and two more in construction to energize around homes in Europe. Find out more:",[],['http://ow.ly/pt9X30haXgg']
37,632493333805962_662218024166826,Timeline Photos,photo,https://www.facebook.com/EnvironmentandClimateChange/photos/a.642042859517676.1073741828.632493333805962/662218024166826/?type=3,2017-12-11 21:00:26,7,2,26,7,0,0,0,0,0,0,"Did you know that you should check the UV Index all year round, even in winter?! 8",[],['http://ow.ly/6SFc30h9Xr']
38,632493333805962_662185357503426,,status,,2017-12-11 19:00:16,1,0,0,1,0,0,0,0,0,0,"Have you heard of Cypher Environmental? All products are % environmentally-friendly, organic, biodegradable, non-toxic and non-corrosive. Adapting to climate change impacts, Cypher Environmental engineers high-quality dust control, soil stabilization, and water remediation solutions for a growing global economy. Want to find out more, check out this great video:",[],['http://ow.ly/LUx830h9Sl4']
39,632493333805962_662124547509507,Active transportation,video,https://www.facebook.com/EnvironmentandClimateChange/videos/662124547509507/,2017-12-11 17:43:00,1,0,0,1,0,0,0,0,0,0,"Have you heard about active transportation projects in your area? Infrastructure Canada is investing more than $200M in Canadian projects, contributing to reduce greenhouse gas emissions and tackling climate change impacts.",[],[]
40,632493333805962_662154480839847,#CanadaInChina,video,https://www.facebook.com/EnvironmentandClimateChange/videos/662154480839847/,2017-12-11 17:08:23,1,0,0,1,0,0,0,0,0,0,È∫¶ËÇØÁ∫≥ÈÉ®ÈïøÁªìÊùü‰∫ÜÂä†ÊãøÂ§ßÂØπÂçéÔºàÔºâÊ∏ÖÊ¥ÅÁßëÊäÄÔºàÔºâË¥∏Êòì‰ª£Ë°®Âõ¢ËÆøÈóÆÔºåÂπ∂ÂèÇÂä†‰∫Ü‰∏≠ÂõΩÁéØÂ¢É‰∏éÂèëÂ±ïÂõΩÈôÖÂêà‰ΩúÂßîÂëò‰ºöÔºàÔºâÁöÑ‰ºöËÆÆ„ÄÇ,"['#CananaInChina', '#CleanTech', '#ChinaCouncil']",[]
41,632493333805962_662152094173419,Minister's trip in China,video,https://www.facebook.com/EnvironmentandClimateChange/videos/662152094173419/,2017-12-11 17:06:12,1,0,1,1,0,0,0,0,0,0,Minister McKenna concluded the clean technologies trade mission and participated at the meetings.,"['#CanadaInChina', '#ChinaCouncil']",[]
42,632493333805962_662124347509527,Timeline Photos,photo,https://www.facebook.com/EnvironmentandClimateChange/photos/a.642042859517676.1073741828.632493333805962/662124347509527/?type=3,2017-12-11 15:55:05,1,0,0,1,0,0,0,0,0,0,‚Äì Minister McKenna is leading a trade mission: Terragon Environmental Technologies is a üá®üá¶ company specializing in wastewater solutions.,"['#CanadaInChina', '#CleanTech', '#ClimateAction']",['http://ow.ly/sOeH30h80PZ']
43,632493333805962_662093504179278,Timeline Photos,photo,https://www.facebook.com/EnvironmentandClimateChange/photos/a.642042859517676.1073741828.632493333805962/662093504179278/?type=3,2017-12-11 14:45:09,0,0,0,0,0,0,0,0,0,0,‚Äì Minister McKenna is leading a trade mission: David Bromley Engineering is a üá®üá¶ company specializing in water treatment technology.,"['#CanadaInChina', '#CleanTech', '#ClimateAction']",['http://ow.ly/d1PJ30h80BL']
44,632493333805962_661409907580971,David Bromley Engineering,video,https://www.facebook.com/EnvironmentandClimateChange/videos/661409907580971/,2017-12-11 13:15:00,1,0,0,1,0,0,0,0,0,0,‚Äì Minister McKenna is leading a trade mission: David Bromley Engineering is a üá®üá¶ company specializing in water treatment technology.,"['#CanadaInChina', '#CleanTech', '#ClimateAction']",['http://ow.ly/Czyk30h80la']
45,632493333805962_662017350853560,Timeline Photos,photo,https://www.facebook.com/EnvironmentandClimateChange/photos/a.642042859517676.1073741828.632493333805962/662017350853560/?type=3,2017-12-11 11:20:08,0,0,0,0,0,0,0,0,0,0,"‚Äì Minister McKenna is leading a trade mission: Nelson Environmental Remediation is a üá®üá¶ company who remediates soil, so that it can be reused!","['#CanadaInChina', '#CleanTech', '#ClimateAction']",['http://ow.ly/a16130h80n6']
46,632493333805962_661407724247856,Nelson Environmental Remediation,video,https://www.facebook.com/EnvironmentandClimateChange/videos/661407724247856/,2017-12-11 09:30:00,0,0,0,0,0,0,0,0,0,0,"‚Äì Minister McKenna is leading a trade mission: is a üá®üá¶ company who remediates soil, so that it can be reused!","['#CanadaInChina', '#CleanTech', '#ClimateAction']",['http://ow.ly/vyiH30h80aR']
47,632493333805962_661932694195359,Timeline Photos,photo,https://www.facebook.com/EnvironmentandClimateChange/photos/a.642042859517676.1073741828.632493333805962/661932694195359/?type=3,2017-12-11 08:10:06,1,0,0,1,0,0,0,0,0,0,‚Äì Minister McKenna is leading a trade mission: Biorem is a üá®üá¶ company specializing in high-efficiency emissions control systems used to eliminate air pollutants.,"['#CanadaInChina', '#CleanTech', '#ClimateAction']",['http://ow.ly/8Vj530h80LQ']
48,632493333805962_661609287561033,Timeline Photos,photo,https://www.facebook.com/EnvironmentandClimateChange/photos/a.642042859517676.1073741828.632493333805962/661609287561033/?type=3,2017-12-10 16:10:04,0,0,0,0,0,0,0,0,0,0,‚Äì Minister McKenna is leading a trade mission: Xebec Adsorption Inc. is a üá®üá¶ company specializing in innovative products that transform raw gases into marketable sources of clean energy.,"['#CanadaInChina', '#CleanTech', '#ClimateAction']",['http://ow.ly/CBCw30h7ZhP']
49,632493333805962_661394590915836,Biorem,video,https://www.facebook.com/EnvironmentandClimateChange/videos/661394590915836/,2017-12-10 14:30:00,1,0,0,1,0,0,0,0,0,0,‚Äì Minister McKenna is leading a trade mission: Biorem is a üá®üá¶ company specializing in high-efficiency emissions control systems used to eliminate air pollutants,"['#CanadaInChina', '#CleanTech', '#ClimateAction']",['http://ow.ly/NfNQ30h7ZIL']
50,632493333805962_661534700901825,Timeline Photos,photo,https://www.facebook.com/EnvironmentandClimateChange/photos/a.642042859517676.1073741828.632493333805962/661534700901825/?type=3,2017-12-10 13:15:07,1,0,0,1,0,0,0,0,0,0,‚Äì Minister McKenna is leading a trade mission: Biothermica is a üá®üá¶ company specializing in industrial air pollution control and reducing methane emissions from landfills and underground coal mines,"['#CanadaInChina', '#CleanTech', '#ClimateAction']",['http://ow.ly/bHFl30h7Z53']
51,632493333805962_661403767581585,Xebec,video,https://www.facebook.com/EnvironmentandClimateChange/videos/661403767581585/,2017-12-10 09:12:41,5,1,4,5,0,0,0,0,0,0,‚Äì Minister McKenna is leading a trade mission: is a üá®üá¶ company specializing in innovative products that transform raw gases into marketable sources of clean energy.,"['#CanadaInChina', '#CleanTech', '#ClimateAction']",['http://ow.ly/dxiJ30h7ZXK']
52,632493333805962_661362497585712,Biothermica,video,https://www.facebook.com/EnvironmentandClimateChange/videos/661362497585712/,2017-12-10 09:05:00,0,0,0,0,0,0,0,0,0,0,‚Äì Minister McKenna is leading a trade mission: Biothermica is a üá®üá¶ company specializing in industrial air pollution control and reducing methane emissions from landfills and underground coal mines.,"['#CanadaInChina', '#CleanTech', '#ClimateAction']",['http://ow.ly/TFfp30h7Y5G']
53,632493333805962_661384464250182,Timeline Photos,photo,https://www.facebook.com/EnvironmentandClimateChange/photos/a.642042859517676.1073741828.632493333805962/661384464250182/?type=3,2017-12-10 08:40:04,0,0,2,0,0,0,0,0,0,0,‚Äì Minister McKenna is leading a trade mission: is a üá®üá¶ company specializing in capturing carbon pollution before it is released into the atmosphere.,"['#CanadaInChina', '#CleanTech', '#ShellCansolv', '#ClimateAction']",['http://ow.ly/gheJ30h7XOo']
54,632493333805962_661377844250844,Timeline Photos,photo,https://www.facebook.com/EnvironmentandClimateChange/photos/a.642042859517676.1073741828.632493333805962/661377844250844/?type=3,2017-12-10 08:28:09,2,0,1,2,0,0,0,0,0,0,"Did you know? Canada‚Äôs Minister of Environment and Climate Change, Catherine McKenna, is the International Executive Vice Chair of the . This group of more than leading Chinese and international environment and development eerts provides advice on China‚Äôs environment and development policy.",['#ChinaCouncil'],['http://ow.ly/jOlY30h7YPl']
55,632493333805962_661366094252019,Timeline Photos,photo,https://www.facebook.com/EnvironmentandClimateChange/photos/a.642042859517676.1073741828.632493333805962/661366094252019/?type=3,2017-12-10 08:05:06,0,0,0,0,0,0,0,0,0,0,‚Äì Minister McKenna is leading a trade mission: Echologics is a üá®üá¶ company specializing in water pipe leak detection and pipe condition assessment.,"['#CanadaInChina', '#CleanTech', '#ClimateAction']",['http://ow.ly/zTwN30h7XJ7']
56,632493333805962_661116764276952,Echologics,video,https://www.facebook.com/EnvironmentandClimateChange/videos/661116764276952/,2017-12-09 23:30:00,3,0,0,3,0,0,0,0,0,0,‚Äì Minister McKenna is leading a trade mission: Echologics is a üá®üá¶ company specializing in water pipe leak detection and pipe condition assessment.,"['#CanadaInChina', '#CleanTech', '#ClimateAction']",[]
57,632493333805962_661118194276809,Timeline Photos,photo,https://www.facebook.com/EnvironmentandClimateChange/photos/a.642042859517676.1073741828.632493333805962/661118194276809/?type=3,2017-12-09 21:55:02,1,0,0,1,0,0,0,0,0,0,‚Äì Minister McKenna is leading a trade mission: Quadrogen is a üá®üá¶ company specializing in turning the waste from water treatment plants and landfills into clean energy and fuels. C,"['#CanadaInChina', '#CleanTech', '#ClimateAction']",['http://ow.ly/APFb30h7HB']
58,632493333805962_661113060943989,Shell Cansolv,video,https://www.facebook.com/EnvironmentandClimateChange/videos/661113060943989/,2017-12-09 21:48:01,0,0,0,0,0,0,0,0,0,0,‚Äì Minister McKenna is leading a trade mission: is a üá®üá¶ company specializing in capturing carbon pollution before it is released into the atmosphere.,"['#CanadaInChina', '#CleanTech', '#ShellCansolv', '#ClimateAction']",['http://ow.ly/S1pD30h7HHG']
59,632493333805962_661069657614996,Quadrogen,video,https://www.facebook.com/EnvironmentandClimateChange/videos/661069657614996/,2017-12-09 19:23:55,2,0,3,2,0,0,0,0,0,0,‚Äì Minister McKenna is leading a trade mission: Quadrogen is a üá®üá¶ company specializing in turning the waste from water treatment plants and landfills into clean energy and fuels.,"['#CanadaInChina', '#CleanTech']",['http://ow.ly/2gme30h7EvK']
60,632493333805962_661053524283276,Photos from Environment and Climate Change's post,photo,https://www.facebook.com/EnvironmentandClimateChange/photos/a.642042859517676.1073741828.632493333805962/661053390949956/?type=3,2017-12-09 18:19:17,7,0,1,7,0,0,0,0,0,0,"Working together to protect the environment, grow the economy and ensure that citizens in both China and Canada have clean air to breathe - Minister McKenna discussed increased collaboration with Minister Li Ganjie in Beijing.",[],[]
61,632493333805962_661019887619973,Timeline Photos,photo,https://www.facebook.com/EnvironmentandClimateChange/photos/a.642042859517676.1073741828.632493333805962/661019887619973/?type=3,2017-12-09 16:50:50,7,0,0,7,0,0,0,0,0,0,"Environment and Climate Change Canada welcomes the first anniversary of the made in Canada plan to fight climate change and grow the economy! We have made a lot of progress this past year, but there is still more work to do to ensure a sustainable and healthy planet for our kids and grandkids. Check out the first progress report:",[],['http://ow.ly/iMEc30h7yeL']
62,632493333805962_660855324303096,Timeline Photos,photo,https://www.facebook.com/EnvironmentandClimateChange/photos/a.642042859517676.1073741828.632493333805962/660855324303096/?type=3,2017-12-09 11:50:04,1,0,0,1,0,0,0,0,0,0,‚Äì International CCS Knowledge Centre is a üá®üá¶ organisation specializing in accelerating the global deployment of carbon capture and storage to manage greenhouse gas emissions.,"['#CanadaInChina', '#ClimateAction']",['http://ow.ly/ImHl30h7mFb']
63,632493333805962_660849670970328,Timeline Photos,photo,https://www.facebook.com/EnvironmentandClimateChange/photos/a.642042859517676.1073741828.632493333805962/660849670970328/?type=3,2017-12-09 11:35:03,1,0,0,1,0,0,0,0,0,0,‚Äì Bombardier is a üá®üá¶ company specializing in reducing pollution through their innovative aircraft that consumes as little as litres of fuel per passenger per km.,"['#CanadaInChina', '#CSeries', '#ClimateAction']",['http://ow.ly/2GRM30h7m6h']
64,632493333805962_660819940973301,Timeline Photos,photo,https://www.facebook.com/EnvironmentandClimateChange/photos/a.642042859517676.1073741828.632493333805962/660819940973301/?type=3,2017-12-09 10:45:05,1,0,2,1,0,0,0,0,0,0,"‚Äì Hydrogenics is a üá®üá¶ company specializing in hydrogen generation and developing infrastructure for hydrogen fuel cell vehicles, such as zero emission buses.","['#CanadaInChina', '#ClimateAction']",['ow.ly/DRtB30h2iU7']
65,632493333805962_660803574308271,Timeline Photos,photo,https://www.facebook.com/EnvironmentandClimateChange/photos/a.642042859517676.1073741828.632493333805962/660803574308271/?type=3,2017-12-09 10:17:08,1,0,2,1,0,0,0,0,0,0,"‚Äì is a üá®üá¶ company specializing in clean, fuel using waste biomass, not food, to generate low cost ethanol.","['#CanadaInChina', '#WoodlandBiofuels', '#renewable', '#ClimateAction']",['ow.ly/S0fG30h2jie']
66,632493333805962_660668894321739,Timeline Photos,photo,https://www.facebook.com/EnvironmentandClimateChange/photos/a.642042859517676.1073741828.632493333805962/660668894321739/?type=3,2017-12-09 08:10:04,0,0,1,0,0,0,0,0,0,0,‚Äì Minister McKenna is leading a trade mission: Solstice Canada Corp. is a üá®üá¶ company specializing in soil clean up.,"['#CanadaInChina', '#CleanTech', '#ClimateAction']",['http://ow.ly/fD4p30h7gKo']
67,632493333805962_660639084324720,Timeline Photos,photo,https://www.facebook.com/EnvironmentandClimateChange/photos/a.642042859517676.1073741828.632493333805962/660639084324720/?type=3,2017-12-09 07:30:37,0,0,1,0,0,0,0,0,0,0,‚Äì Minister McKenna is leading a trade mission: Saltworks Technologies is a üá®üá¶ company specializing in cleaning up the water used in large factories so that it can be reused! C9,"['#CanadaInChina', '#CleanTech', '#ClimateAction']",['http://ow.ly/Yn5q30h7g']
68,632493333805962_660404441014851,Saltworks Technologies,video,https://www.facebook.com/EnvironmentandClimateChange/videos/660404441014851/,2017-12-08 21:55:00,1,0,3,1,0,0,0,0,0,0,‚Äì Minister McKenna is leading a trade mission: Saltworks Technologies is a üá®üá¶ company specializing in cleaning up the water used in large factories so that it can be reused!,"['#CanadaInChina', '#CleanTech', '#ClimateAction']",['http://ow.ly/kPiY30h71w3']
69,632493333805962_660411971014098,Timeline Photos,photo,https://www.facebook.com/EnvironmentandClimateChange/photos/a.642042859517676.1073741828.632493333805962/660411971014098/?type=3,2017-12-08 19:50:11,0,0,1,0,0,0,0,0,0,0,‚Äì Minister McKenna is leading a trade mission: GHGSat Inc. is a üá®üá¶ company specializing in measuring greenhouse gas emissions using satellite technology.,"['#CanadaInChina', '#CleanTech', '#ClimateAction']",['http://ow.ly/bm7k30h72ef']
70,632493333805962_660394067682555,Solstice Canada Corp.,video,https://www.facebook.com/EnvironmentandClimateChange/videos/660394067682555/,2017-12-08 19:00:01,1,0,2,1,0,0,0,0,0,0,‚Äì Minister McKenna is leading a trade mission: Solstice Canada Corp. is a üá®üá¶ company specializing in soil clean up. D,"['#CanadaInChina', '#CleanTech']",['http://ow.ly/SMQ230h6YV']
71,632493333805962_660349217687040,Timeline Photos,photo,https://www.facebook.com/EnvironmentandClimateChange/photos/a.642042859517676.1073741828.632493333805962/660349217687040/?type=3,2017-12-08 16:05:09,1,0,0,1,0,0,0,0,0,0,: Minister McKenna met with Special Envoy Xie to discuss climate change and clean growth. üá®üá¶ üá®üá≥,['#CanadaInChina'],[]
72,632493333805962_660328967689065,Timeline Photos,photo,https://www.facebook.com/EnvironmentandClimateChange/photos/a.642042859517676.1073741828.632493333805962/660328967689065/?type=3,2017-12-08 14:53:26,1,0,1,1,0,0,0,0,0,0,"Global challenges like climate change require global solutions. Minister McKenna sat down with Special Envoy Xie Zhenhua to discuss increased collaboration towards advancing the Paris Agreement, climate action and clean growth.",[],[]
73,632493333805962_660327904355838,Timeline Photos,photo,https://www.facebook.com/EnvironmentandClimateChange/photos/a.642042859517676.1073741828.632493333805962/660327904355838/?type=3,2017-12-08 14:49:15,2,0,0,2,0,0,0,0,0,0,"The prairies are home to all types of farms, why not harvest some wind as well? The St. Leon Wind Farm in Manitoba consists of turbines drawing emission-free power from the prairie winds, producing the equivalent amount of electricity consumed by ,000 Canadian homes per year. Manitoba currently has four wind energy facilities in operation. Wind farms harvest clean and renewable energy, while creating jobs for Canadians.",[],[]
74,632493333805962_660301957691766,Timeline Photos,photo,https://www.facebook.com/EnvironmentandClimateChange/photos/a.642042859517676.1073741828.632493333805962/660301957691766/?type=3,2017-12-08 13:44:53,1,0,1,1,0,0,0,0,0,0,‚Äì Minister McKenna is leading a trade mission: Energy Saving Products Ltd. is a üá®üá¶ company specializing in air purifiers capable of maintaining high quality air standards in large areas d,"['#CanadaInChina', '#CleanTech', '#ClimateAction']",['http://ow.ly/O1yU30h6wI']
75,632493333805962_660214977700464,International CCS Knowledge Centre,video,https://www.facebook.com/EnvironmentandClimateChange/videos/660214977700464/,2017-12-08 11:29:30,2,0,2,2,0,0,0,0,0,0,‚Äì International CCS Knowledge Centre is a üá®üá¶ organisation specializing in accelerating the global deployment of carbon capture and storage to manage greenhouse gas emissions.,['#CanadaInChina'],['http://ow.ly/LibT30h6kNL']
76,632493333805962_659886177733344,Timeline Photos,photo,https://www.facebook.com/EnvironmentandClimateChange/photos/a.642042859517676.1073741828.632493333805962/659886177733344/?type=3,2017-12-07 22:35:02,1,0,0,1,0,0,0,0,0,0,‚Äì Minister McKenna is leading a trade mission: AUG Signals is a üá®üá¶ company specializing in data processing for drinking and source monitoring.,"['#CanadaInChina', '#CleanTech', '#water']",['http://ow.ly/PhyJ30h5y8t']
77,632493333805962_659802921075003,Hi-Velocity Systems,video,https://www.facebook.com/EnvironmentandClimateChange/videos/659802921075003/,2017-12-07 18:25:00,21,6,18,17,3,1,0,0,0,0,‚Äì Minister McKenna is leading a trade mission: Energy Saving Products Ltd. is a üá®üá¶ company specializing in air purifiers capable of maintaining high quality air standards in large areas.,"['#CanadaInChina', '#CleanTech', '#ClimateAction']",['http://ow.ly/EtDk30h5rPt']
78,632493333805962_659790677742894,Timeline Photos,photo,https://www.facebook.com/EnvironmentandClimateChange/photos/a.642042859517676.1073741828.632493333805962/659790677742894/?type=3,2017-12-07 16:57:14,2,0,0,2,0,0,0,0,0,0,"Clean technology will help us fight climate change and create high-skilled jobs! The Government of Canada has invested $2.2 M in the Montreal-based technology company Spark Microsystems. This company is making our cell phones even more energy efficient with their innovative battery technology. With this technology, Canadians could be using their mobile devices for much longer without draining the battery. Learn more about the company to get excited about the future of clean technology!",[],['http://ow.ly/Z1yw30h5mM5']
79,632493333805962_659772881078007,GHGSat,video,https://www.facebook.com/EnvironmentandClimateChange/videos/659772881078007/,2017-12-07 16:35:00,1,0,7,1,0,0,0,0,0,0,‚Äì Minister McKenna is leading a trade mission: GHGSat Inc. is a üá®üá¶ company specializing in measuring greenhouse gas emissions using satellite technology.,"['#CanadaInChina', '#CleanTech', '#ClimateAction']",['http://ow.ly/ReAS30h5iKX']
80,632493333805962_659753807746581,A.U.G. Signals,video,https://www.facebook.com/EnvironmentandClimateChange/videos/659753807746581/,2017-12-07 15:32:34,0,0,1,0,0,0,0,0,0,0,‚Äì Minister McKenna is leading a trade mission: AUG Signals is a üá®üá¶ company specializing in data processing for drinking and source monitoring.,"['#CanadaInChina', '#CleanTech', '#water']",['http://ow.ly/nROT30h5fjF']
81,632493333805962_659724577749504,,photo,https://www.facebook.com/EnvironmentandClimateChange/photos/a.642042859517676.1073741828.632493333805962/659724187749543/?type=3,2017-12-07 14:19:28,3,0,2,3,0,0,0,0,0,0,"As part of their Find Your -H Wings campaign, -H Canada is empowering kids to become champions for our environment. As a -H member, you can get involved by signing up for the -H Canada Science Fair! Find out more:",[],['http://ow.ly/hcdN30h59I5']
82,632493333805962_659641957757766,Launch of a new assembly line at Broad-Ocean,video,https://www.facebook.com/EnvironmentandClimateChange/videos/659641957757766/,2017-12-07 11:07:23,0,0,1,0,0,0,0,0,0,0,"Minister of Environment and Climate Change, Catherine McKenna attended the launch of a new assembly line at Broad-Ocean. Under a technology transfer, licensing and supply arrangement, Ballard fuel cell engines will be assembled by Broad-Ocean in three Chinese cities. Ballard is another example of a Canadian company commercializing and erting innovative clean energy technology for use in China. Zero-emission fuel cell technology is one way to address climate change and air quality. Ballard Power Systems",[],['http://ow.ly/hby730h4S6O']
83,632493333805962_659600211095274,China Recap Slideshow,video,https://www.facebook.com/EnvironmentandClimateChange/videos/659600211095274/,2017-12-07 09:42:30,5,0,1,5,0,0,0,0,0,0,"Minister of Environment and Climate Change, Catherine McKenna visited China as part of the trade mission.","['#CanadainChina', '#CleanTech']",[]
84,632493333805962_659291634459465,Photos from Environment and Climate Change's post,photo,https://www.facebook.com/EnvironmentandClimateChange/photos/a.642042859517676.1073741828.632493333805962/659291561126139/?type=3,2017-12-06 20:44:02,4,0,1,4,0,0,0,0,0,0,"Minister of Environment and Climate Change, Catherine McKenna, paid a visit to the Shanghai Environment and Energy Exchange. This organization helps build a more sustainable future by supporting carbon emissions trading in China.",[],[]
85,632493333805962_659195641135731,Timeline Photos,photo,https://www.facebook.com/EnvironmentandClimateChange/photos/a.642042859517676.1073741828.632493333805962/659195641135731/?type=3,2017-12-06 15:07:58,2,0,1,2,0,0,0,0,0,0,The trade mission is unleashing new partnerships between üá®üá¶ and üá®üá≥ businesses. They‚Äôre taking Canadian to a whole new level.,"['#CanadainChina', '#CleanTech']",['http://ow.ly/hmnn30h47UO']
86,632493333805962_659183624470266,Bombardier,video,https://www.facebook.com/EnvironmentandClimateChange/videos/659183624470266/,2017-12-06 14:45:22,2,1,1,2,0,0,0,0,0,0,‚Äì Bombardier is a üá®üá¶ company specializing in reducing pollution through their innovative aircraft that consumes as little as litres of fuel per passenger per km.,"['#CanadaInChina', '#CSeries', '#ClimateAction']",['http://ow.ly/J0Vs30h3GUM']
87,632493333805962_659118804476748,Woodland Biofuels,video,https://www.facebook.com/EnvironmentandClimateChange/videos/659118804476748/,2017-12-06 12:35:00,0,0,1,0,0,0,0,0,0,0,"‚Äì Woodland Biofuels is a üá®üá¶ company specializing in clean, fuel using waste biomass, not food, to generate low cost ethanol.","['#CanadaInChina', '#renewable', '#ClimateAction']",['http://ow.ly/GZOB30h3uhn']
88,632493333805962_659115864477042,Hydrogenics,video,https://www.facebook.com/EnvironmentandClimateChange/videos/659115864477042/,2017-12-06 12:05:36,1,0,2,1,0,0,0,0,0,0,"‚Äì Hydrogenics is a üá®üá¶ company specializing in hydrogen generation and developing infrastructure for hydrogen fuel cell vehicles, such as zero emission buses.","['#CanadaInChina', '#ClimateAction']",['http://ow.ly/jbhD30h3tgq']
89,632493333805962_659086397813322,Timeline Photos,photo,https://www.facebook.com/EnvironmentandClimateChange/photos/a.642042859517676.1073741828.632493333805962/659086397813322/?type=3,2017-12-06 10:43:30,3,0,2,3,0,0,0,0,0,0,"Minister of Environment and Climate Change, Catherine McKenna, is using eco-friendly transportation during her trade mission in China! Canada‚Äôs International Trade - Global Affairs Canada",['#CleanTech'],[]
90,632493333805962_658017804586848,,status,,2017-12-04 18:27:59,1,0,0,1,0,0,0,0,0,0,Âä†ÊãøÂ§ßÊòØ‰∏Ä‰∏™Ê∞îÂÄôÈ¢ÜÂØºËÄÖÔºåÊàë‰ª¨ÂØπÁîüÊÑèÂÆûË°åÈó®Êà∑ÂºÄÊîæÊîøÁ≠ñÔºåÂπ∂ÊÑøÊÑèËÆ©‰∏ñÁïåÂèòÊàêÊõ¥ÂèØÊåÅÁª≠ÂèëÂ±ïÁöÑÂú∞ÊñπÔºÅ Êàë‰ª¨Âú®ËøôÈáå‰∏éÂä†ÊãøÂ§ßÊ∏ÖÊ¥ÅÁßëÊäÄÔºàÔºâÂÖ¨Âè∏Â∞Ü‰∏é‰∏≠ÂõΩÂÅöÁîüÊÑè„ÄÇ,['#CleanTech'],[]
91,632493333805962_658017527920209,Timeline Photos,photo,https://www.facebook.com/EnvironmentandClimateChange/photos/a.642042859517676.1073741828.632493333805962/658017527920209/?type=3,2017-12-04 18:26:48,2,0,0,2,0,0,0,0,0,0,"Canada is a climate leader and we‚Äôre open for business, ready to make the world a more sustainable place! We‚Äôre here with Canadian companies ready to do business in China. Canada‚Äôs International Trade - Global Affairs Canada",['#CleanTech'],[]
92,632493333805962_657866821268613,Timeline Photos,photo,https://www.facebook.com/EnvironmentandClimateChange/photos/a.642042859517676.1073741828.632493333805962/657866821268613/?type=3,2017-12-04 11:47:29,3,0,0,3,0,0,0,0,0,0,"marks the Canada-China Year of Tourism. Canadian Prime Minister, Justin Trudeau, Canadian Minister of Small Business and Tourism, Bardish Chagger and Minister of Environment and Climate Change, Catherine McKenna, welcome Chinese tourists to our beautiful Parks Canada places ‚Äí Canadian national treasures! Plan your trip here:",[],['http://ow.ly/6g0V30h06Vz']
93,632493333805962_657839007938061,Timeline Photos,photo,https://www.facebook.com/EnvironmentandClimateChange/photos/a.642042859517676.1073741828.632493333805962/657839007938061/?type=3,2017-12-04 11:00:42,5,0,0,4,1,0,0,0,0,0,Canada and China: working together to protect the environment and fight climate change.,[],[]
94,632493333805962_655984858123476,Timeline Photos,photo,https://www.facebook.com/EnvironmentandClimateChange/photos/a.642042859517676.1073741828.632493333805962/655984858123476/?type=3,2017-12-01 09:00:38,11,0,1,7,4,0,0,0,0,0,"This amazing interactive map showcases nearly videos of global climate research produced by youth all over the world! The crowd-sourced media project, Youth Climate Report was produced by Canadian filmmaker, Mark Terry, in collaboration with the UNFCCC",[],['http://ow.ly/ImkW30gVsyo']
95,632493333805962_655615324827096,Rink Watch,video,https://www.facebook.com/EnvironmentandClimateChange/videos/655615324827096/,2017-11-30 18:52:00,5,1,7,5,0,0,0,0,0,0,"Tag a friend who you are looking forward to skating with this winter! RinkWatch is a citizen-driven scientific initiative that empowers skaters to submit temperature information on neighborhood rinks. This information will be used to study long-term impacts of climate change! So far, global citizens have submitted skating conditions on more than outdoor rinks and ponds. Be part of it this winter!",[],['http://ow.ly/XkDA30gVTtx']
96,632493333805962_655601391495156,Timeline Photos,photo,https://www.facebook.com/EnvironmentandClimateChange/photos/a.642042859517676.1073741828.632493333805962/655601391495156/?type=3,2017-11-30 16:30:12,3,0,0,3,0,0,0,0,0,0,The energy industry is full of potential for adaptation and innovation! Iron & Earth is a company developed by a group of former oil workers based in Newfoundland and Labrador which focuses on implementing green energy initiatives and training people for renewable energy jobs! It is important to draw on skills from every industry to help adapt and mitigate the effects of climate change. Check out their website to learn more:,[],['http://ow.ly/Lu8Q30gVwHR']
97,632493333805962_655578784830750,ECCC scientist Paul Smith,video,https://www.facebook.com/EnvironmentandClimateChange/videos/655578784830750/,2017-11-30 15:14:41,9,0,0,9,0,0,0,0,0,0,Climate change is affecting our natural treasures like the Torngat Mountains. Environment and Climate Change Canada‚Äôs scientist Paul Smith elains!,[],['http://ow.ly/RFDm30gVCqG']
98,632493333805962_655548348167127,Timeline Photos,photo,https://www.facebook.com/EnvironmentandClimateChange/photos/a.642042859517676.1073741828.632493333805962/655548348167127/?type=3,2017-11-30 13:42:34,2,0,0,2,0,0,0,0,0,0,Get your kids excited about taking climate action! Play the game on Climate Kids:,[],['www.climatekids.ca']
99,632493333805962_655507538171208,Timeline Photos,photo,https://www.facebook.com/EnvironmentandClimateChange/photos/a.642042859517676.1073741828.632493333805962/655507538171208/?type=3,2017-11-30 12:00:29,3,0,0,3,0,0,0,0,0,0,"At COP23 BONN , Minister Catherine McKenna met Canadian filmmaker, Mark Terry, who created a project to present nearly videos of climate research. Check out the map to elore videos produced all over the world! U088",[],['http://ow.ly/7sFt30g']
100,632493333805962_655093124879316,,photo,https://www.facebook.com/EnvironmentandClimateChange/photos/a.642042859517676.1073741828.632493333805962/655093038212658/?type=3,2017-11-29 16:10:11,7,0,0,6,1,0,0,0,0,0,"Today, Minister of Environment and Climate Change, Catherine McKenna, was at the Toronto Region Board of Trade discussing how businesses in Canada can drive clean growth!",[],[]
101,632493333805962_654038358318126,,photo,https://www.facebook.com/EnvironmentandClimateChange/photos/a.642042859517676.1073741828.632493333805962/654037938318168/?type=3,2017-11-27 16:51:34,2,0,1,2,0,0,0,0,0,0,"Last week, Philippe Chemouny, manager at Environment and Climate Change Canada, won an Ozone Award during the th Meeting of the Parties to the Montreal Protocol. He was one of Canada‚Äôs key negotiators in some of the most challenging Montreal Protocol negotiations over the past years, including the Kigali Amendment to phase down HFCs. Learn more about Mr. Chemouny: 0",[],['http://ow.ly/iBBy30gQSW']
102,632493333805962_654037424984886,,photo,https://www.facebook.com/EnvironmentandClimateChange/photos/a.642042859517676.1073741828.632493333805962/654037081651587/?type=3,2017-11-27 16:47:37,1,1,1,1,0,0,0,0,0,0,"In case you missed it during last week‚Äôs Facebook Live from the th Meeting of the Parties to the Montreal Protocol, Canadian David Heurtel won an Ozone Award for the development of Quebec‚Äôs provincial regulations on halocarbons. The Ozone Awards recognize individuals, groups and organizations that have demonstrated extraordinary commitment and contribution to the progress and achievements of the Montreal Protocol in the past years. Learn more about Mr. Heurtel:",[],['http://ow.ly/JPwe30gQRE7']
103,632493333805962_654034924985136,,photo,https://www.facebook.com/EnvironmentandClimateChange/photos/a.642042859517676.1073741828.632493333805962/654034874985141/?type=3,2017-11-27 16:36:42,1,0,1,1,0,0,0,0,0,0,"Last week, Dr. Vitali Fioletov, a research scientist at Environment and Climate Change Canada, received an Ozone Award during the th Meeting of the Parties to the Montreal Protocol. He was recognized for his research on changes to the ozone layer and their impact on ultraviolet radiation eure. The Ozone Awards recognize individuals, groups and organizations that have demonstrated extraordinary commitment and contribution to the progress and achievements of the Montreal Protocol in the past years. Learn more about Dr. Fioletov:",[],['http://ow.ly/U2sH30gQOrf']
104,632493333805962_652440791811216,"Listen to Dr. Mona Nemer, the Chief Science Advisor of Canada",video,https://www.facebook.com/EnvironmentandClimateChange/videos/652440791811216/,2017-11-24 15:59:20,10,1,5,10,0,0,0,0,0,0,"Listen to Dr. Mona Nemer, the Chief Science Advisor of Canada, speak after the United Nations Environment Programme‚Äôs panel discussion on the scientific foundation of the Montreal Protocol. Science will continue to help us fix the ozone layer!",[],[]
105,632493333805962_652362618485700,COP23,video,https://www.facebook.com/EnvironmentandClimateChange/videos/652362618485700/,2017-11-24 13:10:33,6,0,0,6,0,0,0,0,0,0,"In case you missed it, Canada‚Äôs delegation worked hard at COP23 in Bonn, Germany, working to create a sustainable planet for future generations. We are all in on !",['#ClimateAction'],[]
106,632493333805962_651888025199826,Montreal Protocol Video,video,https://www.facebook.com/EnvironmentandClimateChange/videos/651888025199826/,2017-11-23 18:02:41,8,0,5,8,0,0,0,0,0,0,"Thanks to the Montreal Protocol, % of ozone depleting substances are eliminated in Canada and the hole is repairing itself. But, the work is not done! Canada is committed to a full recovery of the ozone layer and action on climate change.",[],[]
107,632493333805962_651779198544042,,video,https://www.facebook.com/EnvironmentandClimateChange/videos/651779198544042/,2017-11-23 14:38:38,6,1,10,6,0,0,0,0,0,0,Join us now LIVE to watch a panel discussion on the science behind repairing the ozone layer and combatting climate change under the Montreal Protocol.,[],[]
108,632493333805962_651795585209070,,photo,https://www.facebook.com/EnvironmentandClimateChange/photos/a.642042859517676.1073741828.632493333805962/651795488542413/?type=3,2017-11-23 13:46:42,1,0,3,1,0,0,0,0,0,0,"Tune in later today at :30PM EST for a panel discussion on the science behind repairing the ozone layer and combatting climate change under the Montreal Protocol. Scientists from around the world, including Environment and Climate Change Canada scientists Vitali Fioletov and Nathan Gillet will be part of this panel.",[],[]
109,632493333805962_651674615221167,,video,https://www.facebook.com/EnvironmentandClimateChange/videos/651674615221167/,2017-11-23 10:11:32,15,13,23,9,5,0,0,0,1,0,"Happening now: Environment and Climate Change Minister, Catherine McKenna, delivers remarks at the Montreal Protocol meeting.",[],[]
110,632493333805962_651650065223622,Environment and Climate Change,photo,https://www.facebook.com/EnvironmentandClimateChange/photos/a.642042859517676.1073741828.632493333805962/651384651916830/?type=3,2017-11-23 08:42:50,5,0,0,5,0,0,0,0,0,0,nan,[],[]
111,632493333805962_651391941916101,Timeline Photos,photo,https://www.facebook.com/EnvironmentandClimateChange/photos/a.642042859517676.1073741828.632493333805962/651391941916101/?type=3,2017-11-22 20:20:07,3,0,5,3,0,0,0,0,0,0,"Tune in to see Dr. Mona Nemer, host a panel discussion on the scientific foundation of the Montreal Protocol. Science panelists include Dr. Vitali Fioletov, Environment and Climate Change Canada, Dr. Nathan Gillett, Environment and Climate Change Canada, Dr. Amanda Maycock, University of Leeds, UK, Dr. Guus Velders, Utrecht University and RIVM The Netherlands, and Dr. Anne Thompson, NASA Goddard, USA. See it LIVE in Montreal! UN Environment",[],[]
112,632493333805962_651384651916830,Timeline Photos,photo,https://www.facebook.com/EnvironmentandClimateChange/photos/a.642042859517676.1073741828.632493333805962/651384651916830/?type=3,2017-11-22 19:48:07,1,0,4,1,0,0,0,0,0,0,"Tune in to see Minister of Environment and Climate Change, Catherine McKenna, deliver remarks at the international conference aimed at protecting the ozone layer and tackling climate change. See it LIVE in Montreal! UN Environment",[],[]
113,632493333805962_650767048645257,Canada's National Statement at COP23,video,https://www.facebook.com/EnvironmentandClimateChange/videos/650767048645257/,2017-11-21 15:51:00,1,0,0,1,0,0,0,0,0,0,"Watch Canada‚Äôs Ambassador to Germany and Special Envoy to the European Union and Europe, St√©phane Dion, deliver Canada‚Äôs national statement at COP23 on November , reinforcing the Government of Canada‚Äôs commitments to tackle climate change and help lead global climate action.",[],[]
114,632493333805962_650233905365238,The Government of Canada is taking action,video,https://www.facebook.com/EnvironmentandClimateChange/videos/650233905365238/,2017-11-20 15:55:01,5,1,5,5,0,0,0,0,0,0,"The Montreal Protocol is one of the most successful global agreements ever. Together with the world, Canada stopped the thinning of the ozone layer. And now, years later we are coming together under this agreement to stop climate change with the Kigali Amendment.",[],[]
115,632493333805962_650228925365736,Photos from Environment and Climate Change's post,photo,https://www.facebook.com/EnvironmentandClimateChange/photos/a.642042859517676.1073741828.632493333805962/650228718699090/?type=3,2017-11-20 15:29:02,5,0,0,5,0,0,0,0,0,0,"Canada‚Äôs Minister of Environment and Climate Change, Catherine McKenna, is hosting an international meeting this week in Montreal focused, in part, on implementing one of the biggest, single, global climate actions ever taken: phasing down hydrofluorocarbons (HFCs). We all use HFCs in things like our fridges and air conditioners and they do a great job of cooling us down. Unfortunately, they also warm the planet. Delegates at the Montreal Protocol meeting are working to implement the Kigali Amendment to the Montreal Protocol which calls for a global HFC phase down. Countries adopted the Amendment last year and Canada recently became one of the first countries to ratify it. Canada is taking huge steps towards a clean future for our children and grandchildren, and as part of this, urges other countries to ratify the Kigali Amendment.",[],[]
116,632493333805962_650201395368489,Environment and Natural Resources in Canada,video,https://www.facebook.com/EnvironmentandNaturalResourcesinCanada/videos/10156733610889045/,2017-11-20 14:37:07,4,0,0,4,0,0,0,0,0,0,"We‚Äôre investing $155M in for energy, mining and forestry sectors to create a cleaner environment. These investments will help Canadian businesses grow and become world leaders in clean technology. Find out more:",['#CleanGrowth'],['http://ow.ly/pmEv30gHGJj']
117,632493333805962_650060218715940,Photos from Environment and Climate Change's post,photo,https://www.facebook.com/EnvironmentandClimateChange/photos/a.642042859517676.1073741828.632493333805962/650059558716006/?type=3,2017-11-20 10:27:25,2,0,0,2,0,0,0,0,0,0,"Happening now! The Right Honourable Brian Mulroney, Minister of Environment and Climate Change, Catherine McKenna, and Tina Birmpili of the UN Environment Executive Secretariat, speaking at Conference.",['#MontrealProtocol'],['http://ow.ly/asji30gHdVn']
118,632493333805962_650044275384201,,video,https://www.facebook.com/EnvironmentandClimateChange/videos/650044275384201/,2017-11-20 10:12:23,17,15,16,15,2,0,0,0,0,0,"Tune in now to see the Right Honourable Brian Mulroney and Minister of Environment and Climate Change, Catherine McKenna, speak at the opening of the international conference aimed at protecting the ozone layer and tackling climate change. LIVE from Montreal:",[],[]
119,632493333805962_650019872053308,Timeline Photos,photo,https://www.facebook.com/EnvironmentandClimateChange/photos/a.642042859517676.1073741828.632493333805962/650019872053308/?type=3,2017-11-20 09:15:00,2,2,2,2,0,0,0,0,0,0,"Tune in to see the Right Honourable Brian Mulroney and Minister of Environment and Climate Change, Catherine McKenna, deliver remarks at the opening of the international conference aimed at protecting the ozone layer and tackling climate change. See it LIVE in Montreal!",[],[]
120,632493333805962_649165495472079,Powering Past Coal Alliance,video,https://www.facebook.com/EnvironmentandClimateChange/videos/649165495472079/,2017-11-18 17:33:44,1,0,1,1,0,0,0,0,0,0,"During the first meeting of the new Alliance, Canada‚Äôs Minister of Environment and Climate Change, Catherine McKenna, and the United Kingdom‚Äôs Minister of State for Climate Change and Industry, Claire Perry, were joined by partners unified in action to accelerate the clean growth economy through the rapid phase-out of traditional coal-fired electricity. partners agree that phasing out traditional coal-fired electricity is one of the most important steps the international community can take to meet the objectives of the Paris Agreement.","['#PoweringPastCoal', '#PoweringPastCoal']",[]
121,632493333805962_648707115517917,International Students' Day,video,https://www.facebook.com/EnvironmentandClimateChange/videos/648707115517917/,2017-11-18 14:15:32,27,2,11,19,8,0,0,0,0,0,"Meet Anne Marie Arko, an Environment and Climate Change Canada student, who worked closely with Canada‚Äôs negotiation team to mobilize climate action on the ground at the United Nations Framework Convention on Climate Change (COP23) in Bonn, Germany. Canada supports young people taking climate action. Youth are essential in addressing climate change. We need their innovative ideas and solutions to help build a cleaner, more prosperous Canada for generations to come.",[],[]
122,632493333805962_647940222261273,Environment and Natural Resources in Canada,link,https://www.facebook.com/EnvironmentandNaturalResourcesinCanada/posts/10156720946199045,2017-11-16 14:16:38,0,0,0,0,0,0,0,0,0,0,nan,[],[]
123,632493333805962_647884275600201,,photo,https://www.facebook.com/EnvironmentandClimateChange/photos/a.642042859517676.1073741828.632493333805962/647883755600253/?type=3,2017-11-16 11:53:52,0,0,0,0,0,0,0,0,0,0,"Today at PM EST / PM CET watch LIVE Canada‚Äôs Ambassador to Germany and Special Envoy to the European Union and Europe, as he delivers Canada‚Äôs national statement at COP23, reinforcing our commitments to tackle climate change and global climate action.",[],[]
124,632493333805962_647765895612039,,photo,https://www.facebook.com/EnvironmentandClimateChange/photos/a.642042859517676.1073741828.632493333805962/647765775612051/?type=3,2017-11-16 07:52:30,1,0,0,1,0,0,0,0,0,0,"Canada commits to phasing-out traditional coal electricity which will ensure a healthy planet for future generations, as part of the Alliance. Find out what Canada is doing at home and abroad: 0",['#PoweringPastCoal'],['http://ow.ly/9rnJ30gCnj']
125,632493333805962_647764975612131,,photo,https://www.facebook.com/EnvironmentandClimateChange/photos/a.642042859517676.1073741828.632493333805962/647764762278819/?type=3,2017-11-16 07:50:34,2,0,0,2,0,0,0,0,0,0,"New today: Canada and the UK, and over governments unified to accelerate a clean growth economy through the rapid phase-out of traditional coal-fired electricity. The Powering Past Coal Alliance will create a healthy more sustainable planet for future generations!",[],['http://ow.ly/rvL330gCn3x']
126,632493333805962_647726192282676,,status,,2017-11-16 06:43:56,1,1,0,0,0,0,0,1,0,0,"Apologies. Due to technical difficulties, we can no longer provide live streaming of the Powering Past Coal event.",[],[]
127,632493333805962_647696102285685,Timeline Photos,photo,https://www.facebook.com/EnvironmentandClimateChange/photos/a.642042859517676.1073741828.632493333805962/647696102285685/?type=3,2017-11-16 05:25:51,3,1,1,3,0,0,0,0,0,0,"Follow the Environment and Climate Change page to watch live at :45AM EST as Canada and UK welcome partners to the new Alliance, to transition away from traditional coal-fired electricity.",['#PoweringPastCoal'],['http://ow.ly/4a7g30gCdPh']
128,632493333805962_647551548966807,,photo,https://www.facebook.com/EnvironmentandClimateChange/photos/a.642042859517676.1073741828.632493333805962/647551455633483/?type=3,2017-11-15 21:41:26,4,0,0,2,2,0,0,0,0,0,Watch the LIVE meeting of the newly-formed Powering Past Coal alliance which is committed to phasing out traditional coal-fired electricity. Happening on November at :45 a.m. (EST). This alliance is committed to transitioning to a low carbon economy and clean economic growth. 9,[],['http://ow.ly/VCnx30gBVh']
129,632493333805962_647442948977667,COP 23 November 15,video,https://www.facebook.com/EnvironmentandClimateChange/videos/647442948977667/,2017-11-15 15:40:03,2,0,0,1,1,0,0,0,0,0,"Watch today‚Äôs highlights from the Minister of Environment and Climate Change, Catherine McKenna, at COP on climate change impacts on gender and Indigenous Peoples.",[],[]
130,632493333805962_647401472315148,,photo,https://www.facebook.com/EnvironmentandClimateChange/photos/a.642042859517676.1073741828.632493333805962/647401432315152/?type=3,2017-11-15 13:40:14,1,0,1,1,0,0,0,0,0,0,"The Government of Canada continues to deliver on its $2.65 billion commitment to help developing nations address climate change. We are providing $1.6 million to help Chile, Colombia, Mexico and Peru, known as the Pacific Alliance, to strengthen their actions on climate change. With this funding, they will accelerate clean growth investment. The environment and economy go hand in hand. Learn more:",[],['http://ow.ly/F1MU30gBnsr']
131,632493333805962_647317522323543,,photo,https://www.facebook.com/EnvironmentandClimateChange/photos/a.642042859517676.1073741828.632493333805962/647317445656884/?type=3,2017-11-15 10:27:35,0,0,0,0,0,0,0,0,0,0,Watch the LIVE meeting of the newly-formed Powering Past Coal alliance which is committed to phasing out traditional coal-fired electricity. Happening on November at :45 a.m. (EST). This alliance is committed to transitioning to a low carbon economy and clean economic growth.,[],['http://ow.ly/LE2l30gB3Hj']
132,632493333805962_647309125657716,,photo,https://www.facebook.com/EnvironmentandClimateChange/photos/a.642042859517676.1073741828.632493333805962/647309028991059/?type=3,2017-11-15 10:11:57,2,0,0,2,0,0,0,0,0,0,"Indigenous peoples from Canada, and around the world, are disproportionately affected by the impacts of climate change. At the same time, their knowledge, eeriences and innovations are vital when it comes to responding to climate impacts. This is why Canada has worked so hard to ensure that the voices of Indigenous peoples are heard ‚Äî at home and abroad.",[],[]
133,632493333805962_646952662360029,Timeline Photos,photo,https://www.facebook.com/EnvironmentandClimateChange/photos/a.642042859517676.1073741828.632493333805962/646952662360029/?type=3,2017-11-14 20:25:03,1,0,2,1,0,0,0,0,0,0,Today is Resilience Day at COP23. We are updating Canadian building codes and developing a retrofit code to adapt to climate change. Our goal is to create new clean buildings of the st century.,[],[]
134,632493333805962_646947089027253,Timeline Photos,photo,https://www.facebook.com/EnvironmentandClimateChange/photos/a.642042859517676.1073741828.632493333805962/646947089027253/?type=3,2017-11-14 20:01:25,3,0,1,3,0,0,0,0,0,0,"Congratulations to Dr. Bell and the team from Memorial University of Newfoundland who created SmartICE. At the United Nations Climate Conference COP23, they received the UN Climate Solutions Awards for their outstanding work adapting to climate change. They developed a tool that helps Indigenous Peoples adapt to thinning sea-ice. The tool provides information to aid in the planning of safe routes on the ice, which helps to reduce travel risks. SmartICE‚Äôs work underlines how global climate action is accelerating two years after the Paris Agreement was universally adopted.",[],['http://ow.ly/5J5C30gAhJl']
135,632493333805962_646927555695873,Timeline Photos,photo,https://www.facebook.com/EnvironmentandClimateChange/photos/a.642042859517676.1073741828.632493333805962/646927555695873/?type=3,2017-11-14 18:41:51,0,0,0,0,0,0,0,0,0,0,Canada has an opportunity to be a leader in clean technology innovations. Canada's climate action plan will drive innovation and create clean-tech jobs.,['#COP23'],['http://ow.ly/BL9W30gAdVO']
136,632493333805962_646918192363476,Timeline Photos,photo,https://www.facebook.com/EnvironmentandClimateChange/photos/a.642042859517676.1073741828.632493333805962/646918192363476/?type=3,2017-11-14 17:57:20,2,0,3,1,1,0,0,0,0,0,Today is Gender Day at COP and Canada celebrates our powerful change agents: women and girls.,[],[]
137,632493333805962_646897575698871,COP23 Day Two for Minister McKenna,video,http://ow.ly/XhQo30gA7a5,2017-11-14 16:51:47,1,0,0,1,0,0,0,0,0,0,"Watch today‚Äôs highlights from the Minister of Environment and Climate Change, Catherine McKenna:",[],['http://ow.ly/XhQo30gA7a5']
138,632493333805962_646802889041673,,photo,https://www.facebook.com/EnvironmentandClimateChange/photos/a.642042859517676.1073741828.632493333805962/646802805708348/?type=3,2017-11-14 12:39:21,0,0,0,0,0,0,0,0,0,0,"Today at COP23 in Bonn, Germany, Canada‚Äôs Minister of Environment and Climate Change, Catherine McKenna, co-chaired the Climate and Clean Air Coalition‚Äôs annual High Level Assembly. This meeting brought together countries that share the common goal of reducing pollutants that not only contribute to climate change, but also impact the air quality of millions of citizens around the world.",[],['http://ow.ly/f4U130gzJCk']
139,632493333805962_646333319088630,Photos from Environment and Climate Change's post,photo,https://www.facebook.com/EnvironmentandClimateChange/photos/a.642042859517676.1073741828.632493333805962/646332942422001/?type=3,2017-11-13 21:00:13,1,0,0,1,0,0,0,0,0,0,"Canada is taking an active and high profile approach, both domestically and internationally, to champion carbon pricing. Minister McKenna co-chaired with Feike Sijbesma, CEO of Royal DSM, the latest gathering of the Carbon Pricing Leadership Coalition partnership of governments, businesses and other environmental stakeholders, showing the world the economic and environmental opportunities.",[],['http://ow.ly/azOK30gyIBP']
140,632493333805962_645943855794243,,photo,https://www.facebook.com/EnvironmentandClimateChange/photos/a.642042859517676.1073741828.632493333805962/645943239127638/?type=3,2017-11-13 07:11:34,0,0,0,0,0,0,0,0,0,0,"Today is Finance Day at COP23. Clean technology innovation is a core component of the Government of Canada‚Äôs Innovation and Skills Plan. In its most recent federal budget, the Government of Canada has pledged more than $2.3 billion to support clean tech growth across the country! Finance is a crucial aspect of growing green business.C",[],['http://ow.ly/JqYw30gxph']
141,632493333805962_645645829157379,,photo,https://www.facebook.com/EnvironmentandClimateChange/photos/a.642042859517676.1073741828.632493333805962/645645385824090/?type=3,2017-11-12 18:55:00,0,0,0,0,0,0,0,0,0,0,"Today is Health Day at COP23. The Government of Canada is committed to reducing short-lived climate pollutants that are warming the planet and impacting our health, the quality of the air we breathe and the environment. By using clean technology to reduce short-lived climate pollutants, we will grow the economy and meet our climate change and air quality goals. Cleaner air leads to improved human health, including fewer asthma symptoms, a reduced risk of premature death and fewer heart related issues.",[],['http://ow.ly/oIci30gwIds']
142,632493333805962_645633782491917,,photo,https://www.facebook.com/EnvironmentandClimateChange/photos/a.642042859517676.1073741828.632493333805962/645633442491951/?type=3,2017-11-12 18:00:00,0,0,0,0,0,0,0,0,0,0,"The fight against climate change is just as important at the local-level as it is on the international-level. At COP23, we celebrate local initiatives like the Halifax Solar City Program. Check it out!",[],['http://ow.ly/gdAy30gwHMO']
143,632493333805962_645628475825781,,photo,https://www.facebook.com/EnvironmentandClimateChange/photos/a.642042859517676.1073741828.632493333805962/645628215825807/?type=3,2017-11-12 17:20:00,0,0,0,0,0,0,0,0,0,0,"Today is Industry Day at COP23. It reminds us that transitioning to cleaner sources of energy is not only good for the environment,but good for our economy too. More and more, renewable sources of energy are becoming cost competitive with traditional sources. We know there are over $20 trillion in new opportunities for investments in emerging markets between now and . Canadian businesses are well-positioned to seize the opportunities that clean growth presents; resulting in new jobs, new technologies and less pollution. The Government of Canada is investing strategically to support growth across all sectors of the economy.",[],[]
144,632493333805962_645619772493318,,photo,https://www.facebook.com/EnvironmentandClimateChange/photos/a.642042859517676.1073741828.632493333805962/645619475826681/?type=3,2017-11-12 16:37:06,0,0,0,0,0,0,0,0,0,0,"Today is Forests Day at COP . Did you know forests absorb and store carbon? These ‚Äúcarbon sinks‚Äù actually remove carbon from the atmosphere. Under the Pan-Canadian Framework, the Government of Canada will support efforts to enhance carbon stored in our forests, wetlands and agricultural soils.",[],"['http://ow.ly/f5i530gwGYN', 'https://www.canada.ca/en/services/environment/weather/climatechange/climate-action/federal-actions-clean-growth-economy/forestry-agriculture-waste.html']"
145,632493333805962_645086629213299,,photo,https://www.facebook.com/EnvironmentandClimateChange/photos/a.642042859517676.1073741828.632493333805962/645086375879991/?type=3,2017-11-11 22:00:00,1,0,0,1,0,0,0,0,0,0,"Today is Transport Day at COP23. Here at home, Canada is committed to investing in active transportation projects which will keep our communities healthy and clean.",[],['http://ow.ly/Kr0M30gw8Qa']
146,632493333805962_645074119214550,,photo,https://www.facebook.com/EnvironmentandClimateChange/photos/a.642042859517676.1073741828.632493333805962/645073815881247/?type=3,2017-11-11 21:30:00,1,0,0,1,0,0,0,0,0,0,Today is Oceans and Coastal Zones Day at COP23. The Government of Canada recognizes the enormous potential for business development and job creation in the global marine renewable energy market which is projected at $900 billion by .,[],[]
147,632493333805962_645064375882191,The Government of Canada is taking action,video,https://www.facebook.com/EnvironmentandClimateChange/videos/645064375882191/,2017-11-11 20:46:20,1,0,0,1,0,0,0,0,0,0,"Today is Human Settlements [AKA Cities] Day at COP23. In Canada, about % of national greenhouse gas emissions come from heating and cooling homes and buildings. If we want to leave a cleaner planet, cities must adapt to deal with climate change. To address this issue, Canada is investing in climate-resilient infrastructure and standards. Learn more about sustainable and efficient homes and buildings:",[],[]
148,632493333805962_644821139239848,,photo,https://www.facebook.com/EnvironmentandClimateChange/photos/a.642042859517676.1073741828.632493333805962/644820872573208/?type=3,2017-11-11 12:00:00,1,0,0,1,0,0,0,0,0,0,"At COP23, Canada remains committed to making investments in water and wastewater utilities for sustainable communities. Canada is home to roughly % of the world‚Äôs renewable freshwater supply. We are working hard to protect it for Canadians. For more information on Canada‚Äôs efforts to protect freshwater, visit:",[],['http://ow.ly/dGh530gvPWa']
149,632493333805962_644771669244795,,photo,https://www.facebook.com/EnvironmentandClimateChange/photos/a.642042859517676.1073741828.632493333805962/644771329244829/?type=3,2017-11-11 10:20:00,1,0,0,1,0,0,0,0,0,0,"To effectively tackle climate change, governments and the financial community must finance climate action on a massive scale and at unprecedented speed.",[],[]
150,632493333805962_644353892619906,,video,https://www.facebook.com/EnvironmentandClimateChange/videos/644353892619906/,2017-11-10 15:15:32,2,1,0,2,0,0,0,0,0,0,nan,[],[]
151,632493333805962_644098199312142,,photo,https://www.facebook.com/EnvironmentandClimateChange/photos/a.642042859517676.1073741828.632493333805962/644095689312393/?type=3,2017-11-10 06:56:39,6,0,1,6,0,0,0,0,0,0,"Stop number at the tour with the Minister of Environment and Climate Change, Catherine McKenna. This time, she spoke at Student Energy Carleton, the Innovation Jam - Ottawa Sustainability Challenge at Carleton University (Official). Students have a very important role in creating innovative solutions to address climate change.",['#ClimateCampus'],[]
152,632493333805962_643626479359314,,photo,https://www.facebook.com/EnvironmentandClimateChange/photos/a.642042859517676.1073741828.632493333805962/643626409359321/?type=3,2017-11-09 10:34:33,1,0,0,1,0,0,0,0,0,0,"Taking part in COP is Enerkem, a Canadian sustainable business that produces clean fuels and green chemicals from waste. Using clean technology they convert waste into clean fuels at the world‚Äôs first commercial waste-to-biofuels facility in Edmonton, Alberta. Enerkem is also developing other exciting biorefinery projects here in Canada, as well as in the USA and in Europe.",[],[]
153,632493333805962_643051339416828,Announcement about the Clean Energy Ministerial 2019,video,https://www.facebook.com/EnvironmentandClimateChange/videos/643051339416828/,2017-11-08 11:29:52,0,0,0,0,0,0,0,0,0,0,Minister Carr makes an announcement about the Clean Energy Ministerial (CEM) and the th Mission Innovation Ministerial,[],['http://ow.ly/Ifi430grxSY']
154,632493333805962_642859359436026,,status,,2017-11-08 05:08:25,1,0,0,1,0,0,0,0,0,0,nan,[],[]
155,632493333805962_642647396123889,,photo,https://www.facebook.com/EnvironmentandClimateChange/photos/a.642042859517676.1073741828.632493333805962/642647212790574/?type=3,2017-11-07 17:03:23,1,0,0,1,0,0,0,0,0,0,"Sustainable practices are on the top of the agenda at COP , including for the organizers of this international meeting. From food wrappers to material needed to construct entire temporary buildings, read about how COP is tackling waste:",[],['http://ow.ly/DKry30gqt2K']
156,632493333805962_642042872851008,,photo,https://www.facebook.com/EnvironmentandClimateChange/photos/a.642042859517676.1073741828.632493333805962/642042106184418/?type=3,2017-11-06 16:23:16,2,0,3,2,0,0,0,0,0,0,"Today marks the first day of COP23 BONN, the UNFCCC Global Climate Change Conference in Germany. At COP23, our Canadian delegation will be advancing climate action, and the Paris Agreement. Stay tuned as we share updates on Canada‚Äôs role at this global event!",[],['http://ow.ly/5zLD30goHej']
