comment_id,status_id,parent_id,comment_published,num_reactions,num_likes,num_loves,num_wows,num_hahas,num_sads,num_angrys,num_special,comment_message_cleaned,hashtags,urls,text_filtered,text_tokenized,text_stemmed,text_original,text_sentiment_original_scores,text_sentiment_original_scores_type
387135848394703_387192018389086,299048997203389_387135848394703,,2017-12-29 21:20,0,0,0,0,0,0,0,0,Bonne route.... Prudence,[],[],Bonne route Prudence,"['Bonne', 'route', 'Prudence']","[u'bonn', u'rout', u'prudenc']","Bonne route....
Prudence",0.7,positive
381981638910124_386972915077663,299048997203389_381981638910124,,2017-12-29 10:24,1,1,0,0,0,0,0,0,Rendu possible grÃ¢ce aux sonars posÃ©s aux Chantier Davie Canada Inc. en !,[],[],Rendu possible ce aux sonars aux Chantier Davie Canada Inc en,"['Rendu', 'possible', 'ce', 'aux', 'sonars', 'aux', 'Chantier', 'Davie', 'Canada', 'Inc', 'en']","[u'rendu', u'possibl', 'ce', u'aux', u'sonar', u'aux', u'chantier', u'davi', u'canada', u'inc', 'en']",Rendu possible grÃ¢ce aux sonars posÃ©s aux Chantier Davie Canada Inc. en 2014!,0.0,neutral
381873355587619_386733421768279,299048997203389_381873355587619,,2017-12-28 23:55,1,1,0,0,0,0,0,0,Daaph St-Maurice LÃ©onard,[],[],Daaph St Maurice onard,"['Daaph', 'St', 'Maurice', 'onard']","[u'daaph', 'st', u'mauric', u'onard']",Daaph St-Maurice LÃ©onard,0.0,neutral
381986238909664_385518705223084,299048997203389_381986238909664,,2017-12-26 11:11,2,2,0,0,0,0,0,0,Dave Taillon,[],[],Dave Taillon,"['Dave', 'Taillon']","[u'dave', u'taillon']",Dave Taillon,0.0,neutral
381986238909664_385540568554231,299048997203389_381986238909664,381986238909664_385518705223084,2017-12-26 12:06,0,0,0,0,0,0,0,0,Go!,[],[],Go,['Go'],['go'],Go! ðŸ˜‰,0.0,neutral
381986238909664_385541675220787,299048997203389_381986238909664,381986238909664_385518705223084,2017-12-26 12:10,1,1,0,0,0,0,0,0,Le simulateur de navigation a lâ€™air vraiment hot. Pis tu pourrais lâ€™ai torcher dans tout les sports payÃ© pour tâ€™entraÃ®ner...,[],[],Le simulateur de navigation air vraiment hot Pis tu pourrais ai torcher dans tout les sports pour ner,"['Le', 'simulateur', 'de', 'navigation', 'air', 'vraiment', 'hot', 'Pis', 'tu', 'pourrais', 'ai', 'torcher', 'dans', 'tout', 'les', 'sports', 'pour', 'ner']","['le', u'simulateur', 'de', u'navig', u'air', u'vraiment', u'hot', u'pis', 'tu', u'pourrai', 'ai', u'torcher', u'dan', u'tout', u'les', u'sport', u'pour', u'ner']",Le simulateur de navigation a lâ€™air vraiment hot. Pis tu pourrais lâ€™ai torcher dans tout les sports ðŸ˜œ payÃ© pour tâ€™entraÃ®ner...,0.11,positive
381986238909664_385674541874167,299048997203389_381986238909664,381986238909664_385518705223084,2017-12-26 20:30,0,0,0,0,0,0,0,0,C tu les inscription OD sa?,[],[],les inscription OD,"['les', 'inscription', 'OD']","[u'les', u'inscript', 'od']",C tu les inscription OD 2018 sa?,0.0,neutral
381986238909664_385674855207469,299048997203389_381986238909664,381986238909664_385518705223084,2017-12-26 20:31,2,1,1,0,0,0,0,0,Oui a like je mâ€™inscris,[],[],Oui like je inscris,"['Oui', 'like', 'je', 'inscris']","[u'oui', u'like', 'je', u'inscri']",Oui a 5 like je mâ€™inscris,0.01,positive
381986238909664_386243698483918,299048997203389_381986238909664,,2017-12-28 1:33,0,0,0,0,0,0,0,0,Massine Bouchard-Dafi,[],[],Massine Bouchard Dafi,"['Massine', 'Bouchard', 'Dafi']","[u'massin', u'bouchard', u'dafi']",Massine Bouchard-Dafi,0.0,neutral
381844575590497_385000908608197,299048997203389_381844575590497,,2017-12-25 9:13,3,3,0,0,0,0,0,0,"Merci, de la part du personnel du NGCC DesGroseilliers. On travaille aujourd'hui, la saison des escortes de navires et bien commencÃ©e Ã  QuÃ©bec",[],[],Merci de la part du personnel du NGCC DesGroseilliers travaille aujourd hui la saison des escortes de navires et bien bec,"['Merci', 'de', 'la', 'part', 'du', 'personnel', 'du', 'NGCC', 'DesGroseilliers', 'travaille', 'aujourd', 'hui', 'la', 'saison', 'des', 'escortes', 'de', 'navires', 'et', 'bien', 'bec']","[u'merci', 'de', 'la', u'part', 'du', u'personnel', 'du', u'ngcc', u'desgroseilli', u'travaill', u'aujourd', u'hui', 'la', u'saison', u'des', u'escort', 'de', u'navir', 'et', u'bien', u'bec']","Merci, de la part du personnel du NGCC DesGroseilliers. On travaille aujourd'hui, la saison des escortes de navires et bien commencÃ©e Ã  QuÃ©bec",0.11666666666666665,positive
381844575590497_385013701940251,299048997203389_381844575590497,,2017-12-25 9:49,1,1,0,0,0,0,0,0,Joyeux NoÃ«l Linda !,[],[],Joyeux Linda,"['Joyeux', 'Linda']","[u'joyeux', u'linda']",Joyeux NoÃ«l Linda !,0.6875,positive
383249925449962_385412765233678,299048997203389_383249925449962,,2017-12-26 7:23,0,0,0,0,0,0,0,0,Une station quelque part en Havre Saint-Pierre et Tadoussac ne serait pas une mauvaise chose.....,[],[],station quelque part Havre Saint Pierre Tadoussac mauvaise chose,"['station', 'quelque', 'part', 'Havre', 'Saint', 'Pierre', 'Tadoussac', 'mauvaise', 'chose']","[u'station', u'quelqu', u'part', u'havr', u'saint', u'pierr', u'tadoussac', u'mauvais', u'chose']",Une station quelque part en Havre Saint-Pierre et Tadoussac ne serait pas une mauvaise chose.....,-0.71,negative
381944108913877_388370844937870,299048997203389_381944108913877,,2017-12-31 20:38,0,0,0,0,0,0,0,0,Ã€ mon Ã©poque le programme Ã©tait contingentÃ©. Je suis rester sur le quai. Aujourdâ€™hui jâ€™aimerai bien avoir la chance dâ€™y faire des Ã©tudes.,[],[],mon poque le programme tait Je suis rester sur le quai hui aimerai bien avoir la chance faire des tudes,"['mon', 'poque', 'le', 'programme', 'tait', 'Je', 'suis', 'rester', 'sur', 'le', 'quai', 'hui', 'aimerai', 'bien', 'avoir', 'la', 'chance', 'faire', 'des', 'tudes']","[u'mon', u'poqu', 'le', u'programm', u'tait', 'je', u'sui', u'rester', u'sur', 'le', u'quai', u'hui', u'aimerai', u'bien', u'avoir', 'la', u'chanc', u'fair', u'des', u'tude']","Ã€ mon Ã©poque le programme Ã©tait contingentÃ©.  Je suis rester sur le quai.  
Aujourdâ€™hui jâ€™aimerai bien avoir la chance dâ€™y faire des Ã©tudes.",0.0,neutral
377614182680203_381069382334683,299048997203389_377614182680203,,2017-12-16 12:22,2,2,0,0,0,0,0,0,Verry good,[],[],Verry good,"['Verry', 'good']","[u'verri', u'good']",Verry goodðŸ˜˜,0.0,neutral
377614182680203_387164155058539,299048997203389_377614182680203,,2017-12-29 19:57,0,0,0,0,0,0,0,0,Que de souvenire!!!,[],[],souvenire,['souvenire'],[u'souvenir'],Que de souvenire!!!,0.0,neutral
377612436013711_380696515705303,299048997203389_377612436013711,,2017-12-15 16:02,1,1,0,0,0,0,0,0,Belle Ã©quipe!,[],[],Belle quipe,"['Belle', 'quipe']","[u'bell', u'quip']",Belle Ã©quipe!,1.0,positive
379752549133033_379877525787202,299048997203389_379752549133033,,2017-12-13 20:38,1,1,0,0,0,0,0,0,Nice,[],[],Nice,['Nice'],[u'nice'],Nice,0.0,neutral
379752549133033_380481305726824,299048997203389_379752549133033,,2017-12-15 7:38,1,1,0,0,0,0,0,0,Super!,[],[],Super,['Super'],[u'super'],Super!,0.875,positive
378929065882048_380151725759782,299048997203389_378929065882048,,2017-12-14 11:06,1,0,1,0,0,0,0,0,De mÃªme a vous par retour et meilleurs voeux pour lâ€™Ã©quipe dâ€™intervention â€ï¸â€ï¸,[],[],De vous par retour et meilleurs voeux pour quipe intervention,"['De', 'vous', 'par', 'retour', 'et', 'meilleurs', 'voeux', 'pour', 'quipe', 'intervention']","['de', u'vous', u'par', u'retour', 'et', u'meilleur', u'voeux', u'pour', u'quip', u'intervent']",De mÃªme a vous par retour et meilleurs voeux pour lâ€™Ã©quipe dâ€™intervention ðŸ‘ðŸ‘ŒðŸ‘¨â€âœˆï¸ðŸ‘©â€âœˆï¸,0.53,positive
378953792546242_378996365875318,299048997203389_378953792546242,,2017-12-11 16:45,1,1,0,0,0,0,0,0,Quelle est la date de livraison du NAVIRE DE SOUTIEN INTERARMÃ‰?,[],['http://affaires.lapresse.ca/economie/transports/201712/11/01-5146698-davie-ottawa-aurait-contrevenu-a-la-loi-dans-loctroi-des-contrats.php'],Quelle est la date de livraison du NAVIRE DE SOUTIEN,"['Quelle', 'est', 'la', 'date', 'de', 'livraison', 'du', 'NAVIRE', 'DE', 'SOUTIEN']","[u'quell', u'est', 'la', u'date', 'de', u'livraison', 'du', u'navir', 'de', u'soutien']","Quelle est la date de livraison du NAVIRE DE SOUTIEN INTERARMÃ‰?

http://affaires.lapresse.ca/economie/transports/201712/11/01-5146698-davie-ottawa-aurait-contrevenu-a-la-loi-dans-loctroi-des-contrats.php",0.0,neutral
377584062683215_378839259224362,299048997203389_377584062683215,,2017-12-11 9:17,1,1,0,0,0,0,0,0,"FÃ©licitations Ã  vous, merci et je vous souhaite tous ce que vous dÃ©sirez dans la vie!",[],[],licitations vous merci et je vous souhaite tous ce que vous sirez dans la vie,"['licitations', 'vous', 'merci', 'et', 'je', 'vous', 'souhaite', 'tous', 'ce', 'que', 'vous', 'sirez', 'dans', 'la', 'vie']","[u'licit', u'vous', u'merci', 'et', 'je', u'vous', u'souhait', u'tous', 'ce', u'que', u'vous', u'sirez', u'dan', 'la', u'vie']","FÃ©licitations Ã  vous, merci et je vous souhaite tous ce que vous dÃ©sirez dans la vie!",0.2875,positive
378588365916118_378650822576539,299048997203389_378588365916118,,2017-12-10 22:11,1,1,0,0,0,0,0,0,applicant for cost guard,[],[],applicant cost guard,"['applicant', 'cost', 'guard']","[u'applic', u'cost', u'guard']",applicant for cost guard,0.0,neutral
378128782628743_378129945961960,299048997203389_378128782628743,,2017-12-09 16:00,0,0,0,0,0,0,0,0,Le Sir John Franklin se rÃ©incarne prÃ¨s de ans plus tard?,[],[],Le Sir John Franklin se incarne de ans plus tard,"['Le', 'Sir', 'John', 'Franklin', 'se', 'incarne', 'de', 'ans', 'plus', 'tard']","['le', u'sir', u'john', u'franklin', 'se', u'incarn', 'de', u'an', u'plus', u'tard']",Le Sir John Franklin se rÃ©incarne prÃ¨s de 20 ans plus tard?,0.15,positive
378128782628743_378179155957039,299048997203389_378128782628743,,2017-12-09 19:32,0,0,0,0,0,0,0,0,Dommage quâ€™il ne soit pas construit Ã  LÃ©vis.,[],[],Dommage il ne soit pas construit vis,"['Dommage', 'il', 'ne', 'soit', 'pas', 'construit', 'vis']","[u'dommag', 'il', 'ne', u'soit', u'pas', u'construit', u'vis']",Dommage quâ€™il ne soit pas construit Ã  LÃ©vis.,-0.3,negative
378128782628743_378471769261111,299048997203389_378128782628743,,2017-12-10 10:36,1,0,0,0,1,0,0,0,Gros bateau,[],[],Gros bateau,"['Gros', 'bateau']","[u'gros', u'bateau']",Gros bateau,0.0,neutral
378128782628743_378492635925691,299048997203389_378128782628743,,2017-12-10 11:28,3,3,0,0,0,0,0,0,Et depuis combien de temps quâ€™il est en construction ?,[],[],Et depuis combien de temps il est en construction,"['Et', 'depuis', 'combien', 'de', 'temps', 'il', 'est', 'en', 'construction']","['et', u'depui', u'combien', 'de', u'temp', 'il', u'est', 'en', u'construct']",Et depuis combien de temps quâ€™il est en construction ?,0.0,neutral
378128782628743_378521175922837,299048997203389_378128782628743,,2017-12-10 12:49,0,0,0,0,0,0,0,0,Je vois qu'il est toujours sur le lit de lancement. Combien de temps avant la mise Ã  l'eau?,[],[],Je vois qu il est toujours sur le lit de lancement Combien de temps avant la mise eau,"['Je', 'vois', 'qu', 'il', 'est', 'toujours', 'sur', 'le', 'lit', 'de', 'lancement', 'Combien', 'de', 'temps', 'avant', 'la', 'mise', 'eau']","['je', u'voi', 'qu', 'il', u'est', u'toujour', u'sur', 'le', u'lit', 'de', u'lancement', u'combien', 'de', u'temp', u'avant', 'la', u'mise', u'eau']","Je vois qu'il est toujours sur le lit de lancement.

Combien de temps avant la mise Ã  l'eau?",0.0,neutral
378128782628743_378523679255920,299048997203389_378128782628743,,2017-12-10 12:59,0,0,0,0,0,0,0,0,Ã€ mÃ¨tre de long il est plus petit que le Ngcc Earl Grey qui fait mÃ¨tre de long.,[],[],tre de long il est plus petit que le Ngcc Earl Grey qui fait tre de long,"['tre', 'de', 'long', 'il', 'est', 'plus', 'petit', 'que', 'le', 'Ngcc', 'Earl', 'Grey', 'qui', 'fait', 'tre', 'de', 'long']","[u'tre', 'de', u'long', 'il', u'est', u'plus', u'petit', u'que', 'le', u'ngcc', u'earl', u'grey', u'qui', u'fait', u'tre', 'de', u'long']",Ã€ 63 mÃ¨tre de long il est plus petit que le Ngcc Earl Grey qui fait 69 mÃ¨tre de long.,-0.22333333333333336,negative
378128782628743_378550749253213,299048997203389_378128782628743,,2017-12-10 14:34,1,1,0,0,0,0,0,0,Seaspam possÃ¨de combien de lit de lancement? Si je comprend bien il reste bateaux jumeaux Ã  fabriquer. L'honorable ministre de la dÃ©fense nous assure que l'armÃ©e va recevoir son premier navire de soutien interarmÃ©es ( ravitailleur ) en . C'est navire son des tonnes et mesure mÃ¨tre de long. Donc il doit Ãªtre en production?,[],[],Seaspam de combien de lit de lancement Si je comprend bien il reste bateaux jumeaux fabriquer honorable ministre de la fense nous assure que va recevoir son premier navire de soutien es ravitailleur en est navire son des tonnes et mesure tre de long Donc il doit en production,"['Seaspam', 'de', 'combien', 'de', 'lit', 'de', 'lancement', 'Si', 'je', 'comprend', 'bien', 'il', 'reste', 'bateaux', 'jumeaux', 'fabriquer', 'honorable', 'ministre', 'de', 'la', 'fense', 'nous', 'assure', 'que', 'va', 'recevoir', 'son', 'premier', 'navire', 'de', 'soutien', 'es', 'ravitailleur', 'en', 'est', 'navire', 'son', 'des', 'tonnes', 'et', 'mesure', 'tre', 'de', 'long', 'Donc', 'il', 'doit', 'en', 'production']","[u'seaspam', 'de', u'combien', 'de', u'lit', 'de', u'lancement', 'si', 'je', u'comprend', u'bien', 'il', u'rest', u'bateaux', u'jumeaux', u'fabriqu', u'honor', u'ministr', 'de', 'la', u'fens', u'nous', u'assur', u'que', 'va', u'recevoir', u'son', u'premier', u'navir', 'de', u'soutien', 'es', u'ravitailleur', 'en', u'est', u'navir', u'son', u'des', u'tonn', 'et', u'mesur', u'tre', 'de', u'long', u'donc', 'il', u'doit', 'en', u'product']","Seaspam possÃ¨de combien de lit de lancement?

Si je comprend bien il reste 2 bateaux jumeaux Ã  fabriquer.

L'honorable ministre de la dÃ©fense nous assure que l'armÃ©e va recevoir son premier navire de soutien interarmÃ©es  ( ravitailleur ) en 2021.  C'est navire son des 26 000 tonnes et mesure 187 mÃ¨tre de long.  Donc il doit Ãªtre en production?",0.14,positive
378128782628743_378685009239787,299048997203389_378128782628743,,2017-12-11 0:47,1,1,0,0,0,0,0,0,Crissment,[],[],Crissment,['Crissment'],[u'crissment'],Crissment,0.0,neutral
377580329350255_377596782681943,299048997203389_377580329350255,,2017-12-08 11:39,1,1,0,0,0,0,0,0,Oui une rÃªve de pouvoir travailler pour vous!,[],[],Oui une de pouvoir travailler pour vous,"['Oui', 'une', 'de', 'pouvoir', 'travailler', 'pour', 'vous']","[u'oui', u'une', 'de', u'pouvoir', u'travail', u'pour', u'vous']",Oui une rÃªve de pouvoir travailler pour vous!,0.0125,positive
377580329350255_378022642639357,299048997203389_377580329350255,377580329350255_377596782681943,2017-12-09 10:07,0,0,0,0,0,0,0,0,Câ€™est possible! Parcourez notre page du collÃ¨ge et carriÃ¨res pour plus dâ€™informations : [[SHARE]],[],['http://www.ccg-gcc.gc.ca/College-et-carrieres/accueil'],est possible Parcourez notre page du ge et res pour plus informations SHARE,"['est', 'possible', 'Parcourez', 'notre', 'page', 'du', 'ge', 'et', 'res', 'pour', 'plus', 'informations', 'SHARE']","[u'est', u'possibl', u'parcourez', u'notr', u'page', 'du', 'ge', 'et', u'res', u'pour', u'plus', u'inform', u'share']",Câ€™est possible! Parcourez notre page du collÃ¨ge et carriÃ¨res pour plus dâ€™informations : http://www.ccg-gcc.gc.ca/College-et-carrieres/accueil [[SHARE]],0.075,positive
375722079536080_376803966094558,299048997203389_375722079536080,,2017-12-06 15:18,1,1,0,0,0,0,0,0,Possible avec les sonars posÃ©s en des Chantiers Davie.,[],[],Possible avec les sonars en des Chantiers Davie,"['Possible', 'avec', 'les', 'sonars', 'en', 'des', 'Chantiers', 'Davie']","[u'possibl', u'avec', u'les', u'sonar', 'en', u'des', u'chantier', u'davi']",Possible avec les sonars posÃ©s en 2014 des Chantiers Davie.,0.0,neutral
375722079536080_376820766092878,299048997203389_375722079536080,,2017-12-06 16:26,0,0,0,0,0,0,0,0,Ã‰lise Langlois Hovington,[],[],lise Langlois Hovington,"['lise', 'Langlois', 'Hovington']","[u'lise', u'langloi', u'hovington']",Ã‰lise Langlois Hovington,0.0,neutral
375722079536080_376829762758645,299048997203389_375722079536080,,2017-12-06 16:55,0,0,0,0,0,0,0,0,Je veux un bateau comne ca!,[],[],veux bateau comne ca,"['veux', 'bateau', 'comne', 'ca']","[u'veux', u'bateau', u'comn', 'ca']",Je veux un bateau comne ca!ðŸ˜†,0.0,neutral
375722079536080_376835926091362,299048997203389_375722079536080,,2017-12-06 17:31,1,1,0,0,0,0,0,0,Elie Lafond notre tit Louis,[],[],Elie Lafond tit Louis,"['Elie', 'Lafond', 'tit', 'Louis']","[u'eli', u'lafond', u'tit', u'loui']",Elie Lafond ðŸ˜„ notre tit Louis,0.0,neutral
375722079536080_376880136086941,299048997203389_375722079536080,375722079536080_376835926091362,2017-12-06 20:53,0,0,0,0,0,0,0,0,Ces cool,[],[],Ces cool,"['Ces', 'cool']","[u'ces', u'cool']",Ces cool ðŸ˜,0.0,neutral
375722079536080_376880242753597,299048997203389_375722079536080,375722079536080_376835926091362,2017-12-06 20:54,0,0,0,0,0,0,0,0,Oui iii,[],[],Oui iii,"['Oui', 'iii']","[u'oui', u'iii']",Oui iii ðŸ˜€ðŸ˜€,0.01,positive
375722079536080_376873242754297,299048997203389_375722079536080,,2017-12-06 20:19,1,1,0,0,0,0,0,0,WoW câ€™est tellement hot,[],[],WoW est tellement hot,"['WoW', 'est', 'tellement', 'hot']","[u'wow', u'est', u'tellement', u'hot']",WoW câ€™est tellement hot,0.0,neutral
375713306203624_376300679478220,299048997203389_375713306203624,,2017-12-05 9:20,0,0,0,0,0,0,0,0,Est ce que la formation est renumerÃ©e?,[],[],Est ce que la formation est,"['Est', 'ce', 'que', 'la', 'formation', 'est']","[u'est', 'ce', u'que', 'la', u'format', u'est']",Est ce que la formation est renumerÃ©e?,0.0,neutral
375713306203624_376308372810784,299048997203389_375713306203624,375713306203624_376300679478220,2017-12-05 9:41,0,0,0,0,0,0,0,0,Oui,[],[],Oui,['Oui'],[u'oui'],Oui,0.01,positive
375713306203624_376312956143659,299048997203389_375713306203624,,2017-12-05 9:54,0,0,0,0,0,0,0,0,Alex Tremblay,[],[],Alex Tremblay,"['Alex', 'Tremblay']","[u'alex', u'tremblay']",Alex Tremblay,0.0,neutral
375713306203624_376339236141031,299048997203389_375713306203624,,2017-12-05 11:19,0,0,0,0,0,0,0,0,"Vous avez effectivement besoin de personnel, mais avec le mois de contrat offert de faÃ§on Ã©parse et la non sÃ©curitÃ© dâ€™emploi, cela risque dâ€™Ãªtre pas facile pour vous de trouvÃ© des candidats. Apres une batterie de test et examen, ma cote de sÃ©curitÃ© approuvÃ© vous avez rappelÃ© mois plus tard pour un contrat de mois!!!??? tu veux faire quoi avec Ã§a?",[],[],Vous avez effectivement besoin de personnel mais avec le mois de contrat offert de parse et la non emploi cela risque pas facile pour vous de des candidats Apres une batterie de test et examen cote de vous avez mois plus tard pour un contrat de mois tu veux faire quoi avec,"['Vous', 'avez', 'effectivement', 'besoin', 'de', 'personnel', 'mais', 'avec', 'le', 'mois', 'de', 'contrat', 'offert', 'de', 'parse', 'et', 'la', 'non', 'emploi', 'cela', 'risque', 'pas', 'facile', 'pour', 'vous', 'de', 'des', 'candidats', 'Apres', 'une', 'batterie', 'de', 'test', 'et', 'examen', 'cote', 'de', 'vous', 'avez', 'mois', 'plus', 'tard', 'pour', 'un', 'contrat', 'de', 'mois', 'tu', 'veux', 'faire', 'quoi', 'avec']","[u'vous', u'avez', u'effectiv', u'besoin', 'de', u'personnel', u'mai', u'avec', 'le', u'moi', 'de', u'contrat', u'offert', 'de', u'pars', 'et', 'la', u'non', u'emploi', u'cela', u'risqu', u'pas', u'facil', u'pour', u'vous', 'de', u'des', u'candidat', u'apr', u'une', u'batteri', 'de', u'test', 'et', u'examen', u'cote', 'de', u'vous', u'avez', u'moi', u'plus', u'tard', u'pour', 'un', u'contrat', 'de', u'moi', 'tu', u'veux', u'fair', u'quoi', u'avec']","Vous avez effectivement besoin de personnel,  mais avec le 2 mois de contrat offert de faÃ§on Ã©parse et la non sÃ©curitÃ© dâ€™emploi,  cela risque dâ€™Ãªtre pas facile pour vous de trouvÃ© des candidats. Apres une batterie de test et examen, ma cote de sÃ©curitÃ© approuvÃ© vous avez rappelÃ© 4 mois plus tard pour un contrat de 2 mois!!!??? tu veux faire quoi avec Ã§a?",0.0494921875,positive
375713306203624_377762999331988,299048997203389_375713306203624,,2017-12-08 20:56,0,0,0,0,0,0,0,0,Alexandre Delisle Gagnon,[],[],Alexandre Delisle Gagnon,"['Alexandre', 'Delisle', 'Gagnon']","[u'alexandr', u'delisl', u'gagnon']",Alexandre Delisle Gagnon,0.0,neutral
371697566605198_375064086268546,299048997203389_371697566605198,,2017-12-02 12:15,0,0,0,0,0,0,0,0,Jesus(God) (IAM) sa semble interessant.,[],[],Jesus God IAM semble interessant,"['Jesus', 'God', 'IAM', 'semble', 'interessant']","[u'jesus', u'god', u'iam', u'sembl', u'interess']",Jesus(God) (IAM)  sa semble interessant.,0.3,positive
368606623580959_372660059842282,299048997203389_368606623580959,,2017-11-26 21:32,0,0,0,0,0,0,0,0,Le lien ne semble pas fonctionnÃ©,[],[],Le lien ne semble pas,"['Le', 'lien', 'ne', 'semble', 'pas']","['le', u'lien', 'ne', u'sembl', u'pas']",Le lien ne semble pas fonctionnÃ© ;-(,0.0,neutral
368606623580959_372997059808582,299048997203389_368606623580959,368606623580959_372660059842282,2017-11-27 16:35,1,1,0,0,0,0,0,0,"Merci Guylaine, le lien fonctionne maintenant.",[],[],Merci Guylaine lien fonctionne maintenant,"['Merci', 'Guylaine', 'lien', 'fonctionne', 'maintenant']","[u'merci', u'guylain', u'lien', u'fonctionn', u'mainten']","Merci Guylaine, le lien fonctionne maintenant.",0.3,positive
368606623580959_372826449825643,299048997203389_368606623580959,,2017-11-27 8:29,0,0,0,0,0,0,0,0,La base ne me semble pas trÃ¨s solide,[],[],La base ne semble pas solide,"['La', 'base', 'ne', 'semble', 'pas', 'solide']","['la', u'base', 'ne', u'sembl', u'pas', u'solid']",La base ne me semble pas trÃ¨s solide,0.5,positive
372145909893697_372176046557350,299048997203389_372145909893697,,2017-11-25 16:10,1,1,0,0,0,0,0,0,Splendide Ã©quipe bravo,[],[],Splendide quipe bravo,"['Splendide', 'quipe', 'bravo']","[u'splendid', u'quip', u'bravo']",Splendide Ã©quipe bravo,0.8,positive
368587383582883_372256446549310,299048997203389_368587383582883,,2017-11-25 22:18,0,0,0,0,0,0,0,0,Mario Boulanger,[],[],Mario Boulanger,"['Mario', 'Boulanger']","[u'mario', u'boulang']",Mario Boulanger,0.0,neutral
368587383582883_372537413187880,299048997203389_368587383582883,,2017-11-26 12:57,0,0,0,0,0,0,0,0,Coool merci,[],[],Coool merci,"['Coool', 'merci']","[u'coool', u'merci']",Coool merci,0.3,positive
371326109975677_373799516395003,299048997203389_371326109975677,,2017-11-29 16:41,0,0,0,0,0,0,0,0,Sabrina Tremblay,[],[],Sabrina Tremblay,"['Sabrina', 'Tremblay']","[u'sabrina', u'tremblay']",Sabrina Tremblay,0.0,neutral
371326109975677_373800659728222,299048997203389_371326109975677,371326109975677_373799516395003,2017-11-29 16:46,1,1,0,0,0,0,0,0,Omg câ€™est Ã§a!,[],[],Omg est,"['Omg', 'est']","[u'omg', u'est']",Omg câ€™est Ã§a! ðŸ˜³,0.0,neutral
365055377269417_368580683583553,299048997203389_365055377269417,,2017-11-17 13:20,3,3,0,0,0,0,0,0,J'ai un grand respect pour vous! Je suis un navigateur de plaisance.,[],[],grand respect navigateur plaisance,"['grand', 'respect', 'navigateur', 'plaisance']","[u'grand', u'respect', u'navigateur', u'plaisanc']",J'ai un grand respect pour vous! Je suis un navigateur de plaisance.,0.375,positive
365055377269417_368712126903742,299048997203389_365055377269417,,2017-11-17 21:52,2,2,0,0,0,0,0,0,"Bonjour vous deux; je viens de regarder le vidÃ©o, j'ai une meilleure idÃ©e en quoi consiste ton travail! !",[],[],Bonjour vous deux je viens de regarder le ai une meilleure en quoi consiste ton travail,"['Bonjour', 'vous', 'deux', 'je', 'viens', 'de', 'regarder', 'le', 'ai', 'une', 'meilleure', 'en', 'quoi', 'consiste', 'ton', 'travail']","[u'bonjour', u'vous', u'deux', 'je', u'vien', 'de', u'regard', 'le', 'ai', u'une', u'meilleur', 'en', u'quoi', u'consist', u'ton', u'travail']","Bonjour vous deux; je viens de regarder le vidÃ©o, j'ai une meilleure idÃ©e en quoi consiste ton travail! !ðŸ˜ðŸ˜",0.8281250000000001,positive
365055377269417_369176073524014,299048997203389_365055377269417,,2017-11-18 20:32,1,1,0,0,0,0,0,0,En tout cas davie es prÃªt pour remplacer votre flotte reste Ã  attendre que le gouvernement ce dÃ©cide!,[],[],En tout cas davie es pour remplacer votre flotte reste attendre que le gouvernement ce cide,"['En', 'tout', 'cas', 'davie', 'es', 'pour', 'remplacer', 'votre', 'flotte', 'reste', 'attendre', 'que', 'le', 'gouvernement', 'ce', 'cide']","['en', u'tout', u'cas', u'davi', 'es', u'pour', u'remplac', u'votr', u'flott', u'rest', u'attendr', u'que', 'le', u'gouvern', 'ce', u'cide']",En tout cas davie es prÃªt pour remplacer votre flotte reste Ã  attendre que le gouvernement ce dÃ©cide!,0.275,positive
365055377269417_373800219728266,299048997203389_365055377269417,,2017-11-29 16:44,1,1,0,0,0,0,0,0,Sabrina Tremblay,[],[],Sabrina Tremblay,"['Sabrina', 'Tremblay']","[u'sabrina', u'tremblay']",Sabrina Tremblay,0.0,neutral
365055377269417_379433572498264,299048997203389_365055377269417,,2017-12-12 18:12,1,0,1,0,0,0,0,0,"Chapeau Messieurs et Mesdames, c'est tout Ã  votre honneur! Merci! Joyeuses fÃªtes Ã  vous tous!",[],[],Chapeau Messieurs et Mesdames est tout votre honneur Merci Joyeuses vous tous,"['Chapeau', 'Messieurs', 'et', 'Mesdames', 'est', 'tout', 'votre', 'honneur', 'Merci', 'Joyeuses', 'vous', 'tous']","[u'chapeau', u'messieur', 'et', u'mesdam', u'est', u'tout', u'votr', u'honneur', u'merci', u'joyeus', u'vous', u'tous']","Chapeau Messieurs et Mesdames, c'est tout Ã  votre honneur! Merci! Joyeuses fÃªtes ðŸŽ‰ Ã  vous tous!ðŸŽ„ðŸ‘ŒðŸ»",0.4000000000000001,positive
365055377269417_380659952375626,299048997203389_365055377269417,365055377269417_379433572498264,2017-12-15 14:24,0,0,0,0,0,0,0,0,Merci beaucoup Nicole!,[],[],Merci beaucoup Nicole,"['Merci', 'beaucoup', 'Nicole']","[u'merci', u'beaucoup', u'nicol']",Merci beaucoup Nicole!,0.2125,positive
368076550300633_368126506962304,299048997203389_368076550300633,,2017-11-16 10:58,0,0,0,0,0,0,0,0,combien d'heures travaillent un steward sur vos bateaux?,[],[],combien heures travaillent steward bateaux,"['combien', 'heures', 'travaillent', 'steward', 'bateaux']","[u'combien', u'heur', u'travail', u'steward', u'bateaux']",combien d'heures  travaillent un steward sur vos bateaux?,0.0,neutral
368076550300633_368510703590551,299048997203389_368076550300633,368076550300633_368126506962304,2017-11-17 10:05,0,0,0,0,0,0,0,0,Pour plus d'information s'il vous plaÃ®t contacter PAIR/APRI.XNCR-mpo.gc.ca.,[],[],Pour plus information il vous contacter PAIR APRI XNCR mpo gc ca,"['Pour', 'plus', 'information', 'il', 'vous', 'contacter', 'PAIR', 'APRI', 'XNCR', 'mpo', 'gc', 'ca']","[u'pour', u'plus', u'inform', 'il', u'vous', u'contact', u'pair', u'apri', u'xncr', u'mpo', 'gc', 'ca']",Pour plus d'information s'il vous plaÃ®t contacter PAIR/APRI.XNCR@dfo-mpo.gc.ca.,0.15,positive
368076550300633_368126810295607,299048997203389_368076550300633,,2017-11-16 11:00,0,0,0,0,0,0,0,0,avez vous un bureau ou office sur quÃ©bec ville?,[],[],avez vous un bureau ou office sur bec ville,"['avez', 'vous', 'un', 'bureau', 'ou', 'office', 'sur', 'bec', 'ville']","[u'avez', u'vous', 'un', u'bureau', 'ou', u'offic', u'sur', u'bec', u'vill']",avez vous un  bureau ou office sur quÃ©bec ville?,0.0,neutral
368076550300633_368509720257316,299048997203389_368076550300633,368076550300633_368126810295607,2017-11-17 10:02,0,0,0,0,0,0,0,0,"Oui, nous avons un bureau rÃ©gional Ã  la ville de QuÃ©bec.",[],[],Oui nous avons un bureau gional la ville de bec,"['Oui', 'nous', 'avons', 'un', 'bureau', 'gional', 'la', 'ville', 'de', 'bec']","[u'oui', u'nous', u'avon', 'un', u'bureau', u'gional', 'la', u'vill', 'de', u'bec']","Oui, nous avons un bureau rÃ©gional Ã  la ville de QuÃ©bec.",0.01,positive
368076550300633_369144020193886,299048997203389_368076550300633,368076550300633_368126810295607,2017-11-18 18:06,0,0,0,0,0,0,0,0,Garde cÃ´tiÃ¨re canadienne adresse svp merci,[],[],Garde canadienne adresse svp merci,"['Garde', 'canadienne', 'adresse', 'svp', 'merci']","[u'gard', u'canadienn', u'adress', u'svp', u'merci']",Garde cÃ´tiÃ¨re canadienne  adresse  svp merci,0.3,positive
368076550300633_369187416856213,299048997203389_368076550300633,,2017-11-18 20:59,0,0,0,0,0,0,0,0,Frederic Gravel,[],[],Frederic Gravel,"['Frederic', 'Gravel']","[u'freder', u'gravel']",Frederic Gravel,0.0,neutral
368076550300633_369187703522851,299048997203389_368076550300633,368076550300633_369187416856213,2017-11-18 21:01,0,0,0,0,0,0,0,0,Moi je serai intÃ©ressÃ© comme Ã©lectricien et toi ?,[],[],Moi je serai comme lectricien et toi,"['Moi', 'je', 'serai', 'comme', 'lectricien', 'et', 'toi']","[u'moi', 'je', u'serai', u'comm', u'lectricien', 'et', u'toi']",Moi je serai intÃ©ressÃ© comme Ã©lectricien et toi ?,0.0,neutral
368076550300633_371407923300829,299048997203389_368076550300633,,2017-11-23 23:04,0,0,0,0,0,0,0,0,Bookman Celestin regarde Ã§a mec,[],[],Bookman Celestin regarde mec,"['Bookman', 'Celestin', 'regarde', 'mec']","[u'bookman', u'celestin', u'regard', u'mec']",Bookman Celestin regarde Ã§a mec,0.0,neutral
368076550300633_374022196372735,299048997203389_368076550300633,,2017-11-30 5:24,0,0,0,0,0,0,0,0,Marc-Alexandre Allain,[],[],Marc Alexandre Allain,"['Marc', 'Alexandre', 'Allain']","[u'marc', u'alexandr', u'allain']",Marc-Alexandre Allain,0.0,neutral
364995907275364_369268236848131,299048997203389_364995907275364,,2017-11-19 1:20,1,1,0,0,0,0,0,0,Cyril Ste-marie go.,[],[],Cyril Ste marie go,"['Cyril', 'Ste', 'marie', 'go']","[u'cyril', u'ste', u'mari', 'go']",Cyril Ste-marie go.,0.0,neutral
364995907275364_369486253492996,299048997203389_364995907275364,364995907275364_369268236848131,2017-11-19 11:00,0,0,0,0,0,0,0,0,Ca prend ans,[],[],Ca prend ans,"['Ca', 'prend', 'ans']","['ca', u'prend', u'an']",Ca prend 18 ans,0.0,neutral
364995907275364_369486653492956,299048997203389_364995907275364,364995907275364_369268236848131,2017-11-19 11:01,0,0,0,0,0,0,0,0,T'en as ?,[],[],en,['en'],['en'],T'en as 19?,0.0,neutral
364995907275364_369486823492939,299048997203389_364995907275364,364995907275364_369268236848131,2017-11-19 11:02,0,0,0,0,0,0,0,0,Oui,[],[],Oui,['Oui'],[u'oui'],Oui,0.01,positive
364995907275364_369486920159596,299048997203389_364995907275364,364995907275364_369268236848131,2017-11-19 11:02,0,0,0,0,0,0,0,0,Bah c'est oas correcte?,[],[],Bah oas correcte,"['Bah', 'oas', 'correcte']","[u'bah', u'oa', u'correct']",Bah c'est oas correcte?,0.4,positive
364995907275364_369525123489109,299048997203389_364995907275364,364995907275364_369268236848131,2017-11-19 12:30,0,0,0,0,0,0,0,0,ðŸ¤“,[],[],,[],[],ðŸ¤“,0.0,neutral
364986400609648_366855000422788,299048997203389_364986400609648,,2017-11-13 13:34,1,1,0,0,0,0,0,0,Merci pour le beau vidÃ©o.,[],[],Merci pour le beau,"['Merci', 'pour', 'le', 'beau']","[u'merci', u'pour', 'le', u'beau']",Merci pour le beau vidÃ©o.,0.55,positive
364986400609648_366875633754058,299048997203389_364986400609648,,2017-11-13 14:43,0,0,0,0,0,0,0,0,Awesome Peter Garapick,[],[],Awesome Peter Garapick,"['Awesome', 'Peter', 'Garapick']","[u'awesom', u'peter', u'garapick']",Awesome Peter Garapick,0.0,neutral
364986400609648_366984453743176,299048997203389_364986400609648,,2017-11-13 22:20,0,0,0,0,0,0,0,0,Nicolas Roy,[],[],Nicolas Roy,"['Nicolas', 'Roy']","[u'nicola', u'roy']",Nicolas Roy,0.0,neutral
364971210611167_366685663773055,299048997203389_364971210611167,,2017-11-13 8:14,4,3,1,0,0,0,0,0,I feel verry privileged to work with Mario Pelletier every day!,[],[],feel verry privileged work Mario Pelletier every day,"['feel', 'verry', 'privileged', 'work', 'Mario', 'Pelletier', 'every', 'day']","[u'feel', u'verri', u'privileg', u'work', u'mario', u'pelleti', u'everi', u'day']",I feel verry privileged to work with Mario Pelletier every day!,0.0,neutral
365080983933523_365608307214124,299048997203389_365080983933523,,2017-11-11 15:40,1,1,0,0,0,0,0,0,Moments to remember,[],[],Moments remember,"['Moments', 'remember']","[u'moment', u'rememb']",Moments to remember,0.0,neutral
364328904008731_364401684001453,299048997203389_364328904008731,,2017-11-09 0:24,0,0,0,0,0,0,0,0,I wonder what he would say about Phoenix pay system?,[],[],wonder would say Phoenix pay system,"['wonder', 'would', 'say', 'Phoenix', 'pay', 'system']","[u'wonder', u'would', u'say', u'phoenix', u'pay', u'system']",I wonder what he would say about Phoenix pay system?,0.0,neutral
362426617532293_363556994085922,299048997203389_362426617532293,,2017-11-06 11:41,1,1,0,0,0,0,0,0,Un exemple a suivre pour notre belle jeunesses bravo Monsieur rick Un grand bonjoi de la Belgique,[],[],exemple suivre belle jeunesses bravo Monsieur rick grand bonjoi Belgique,"['exemple', 'suivre', 'belle', 'jeunesses', 'bravo', 'Monsieur', 'rick', 'grand', 'bonjoi', 'Belgique']","[u'exempl', u'suivr', u'bell', u'jeuness', u'bravo', u'monsieur', u'rick', u'grand', u'bonjoi', u'belgiqu']","Un exemple a suivre pour notre belle jeunesses bravo Monsieur rick
Un grand bonjoi de la Belgique",0.55,positive
359839227791032_359955577779397,299048997203389_359839227791032,,2017-10-27 21:40,1,1,0,0,0,0,0,0,Bravo!,[],[],Bravo,['Bravo'],[u'bravo'],Bravo!,0.0,neutral
359839227791032_360223177752637,299048997203389_359839227791032,,2017-10-28 12:36,1,1,0,0,0,0,0,0,Belle carriÃ¨re qui s'amorce,[],[],Belle qui amorce,"['Belle', 'qui', 'amorce']","[u'bell', u'qui', u'amorc']",Belle carriÃ¨re qui s'amorce,0.8,positive
359401747834780_359581567816798,299048997203389_359401747834780,,2017-10-26 21:12,0,0,0,0,0,0,0,0,Hello from Belgium,[],[],Hello Belgium,"['Hello', 'Belgium']","[u'hello', u'belgium']",Hello from Belgium,0.0,neutral
356525411455747_356799708094984,299048997203389_356525411455747,,2017-10-19 8:08,2,2,0,0,0,0,0,0,Ma derniÃ¨re Commissaire-Adjointe! Respect!,[],[],Commissaire Adjointe Respect,"['Commissaire', 'Adjointe', 'Respect']","[u'commissair', u'adjoint', u'respect']",Ma derniÃ¨re Commissaire-Adjointe! Respect!,0.0,neutral
352248241883464_352264741881814,299048997203389_352248241883464,,2017-10-06 18:33,0,0,0,0,0,0,0,0,Bienvenue chez vous les gars et les filles,[],[],Bienvenue chez les gars les filles,"['Bienvenue', 'chez', 'les', 'gars', 'les', 'filles']","[u'bienvenu', u'chez', u'les', u'gar', u'les', u'fill']",Bienvenue chez vous les gars et les filles,0.0,neutral
351514785290143_351887155252906,299048997203389_351514785290143,,2017-10-05 15:40,2,2,0,0,0,0,0,0,On arrive bientÃ´t!!!,[],[],arrive,['arrive'],[u'arriv'],On arrive bientÃ´t!!!,0.0,neutral
351514785290143_351887465252875,299048997203389_351514785290143,351514785290143_351887155252906,2017-10-05 15:42,1,1,0,0,0,0,0,0,bon retour xxxx,[],[],bon retour xxxx,"['bon', 'retour', 'xxxx']","[u'bon', u'retour', u'xxxx']",bon retour   xxxx,0.7,positive
351514785290143_352084375233184,299048997203389_351514785290143,351514785290143_351887155252906,2017-10-06 7:01,0,0,0,0,0,0,0,0,[[STICKER]],[],[],STICKER,['STICKER'],[u'sticker'], [[STICKER]],0.0,neutral
351514785290143_353195898455365,299048997203389_351514785290143,351514785290143_351887155252906,2017-10-09 8:24,0,0,0,0,0,0,0,0,"J'ai hÃ¢tÃ© de te voir, Katia xxx",[],[],ai de te voir Katia xxx,"['ai', 'de', 'te', 'voir', 'Katia', 'xxx']","['ai', 'de', 'te', u'voir', u'katia', u'xxx']","J'ai hÃ¢tÃ© de te voir, Katia xxx",0.0,neutral
351514785290143_351890445252577,299048997203389_351514785290143,,2017-10-05 15:52,0,0,0,0,0,0,0,0,Ma fille a ete une partie du voyage,[],[],fille ete partie voyage,"['fille', 'ete', 'partie', 'voyage']","[u'fill', u'ete', u'parti', u'voyag']",Ma fille a ete une partie du voyage,0.0,neutral
351514785290143_351958711912417,299048997203389_351514785290143,,2017-10-05 21:36,0,0,0,0,0,0,0,0,Footbag?,[],[],Footbag,['Footbag'],[u'footbag'],Footbag?,0.0,neutral
351514785290143_352836111824677,299048997203389_351514785290143,351514785290143_351958711912417,2017-10-08 7:58,0,0,0,0,0,0,0,0,oui Ã  Reykjavik!,[],[],oui Reykjavik,"['oui', 'Reykjavik']","[u'oui', u'reykjavik']",oui Ã  Reykjavik!,0.0125,positive
351514785290143_352285608546394,299048997203389_351514785290143,,2017-10-06 20:20,0,0,0,0,0,0,0,0,Non maman j Ã©tais sur le Des Groseillers,[],[],Non maman tais sur le Des Groseillers,"['Non', 'maman', 'tais', 'sur', 'le', 'Des', 'Groseillers']","[u'non', u'maman', u'tai', u'sur', 'le', u'des', u'groseil']",Non maman j Ã©tais sur le Des Groseillers,-0.01,negative
350708442037444_353749408400014,299048997203389_350708768704078,,2017-10-11 0:21,0,0,0,0,0,0,0,0,Bonjour avouz,[],[],Bonjour avouz,"['Bonjour', 'avouz']","[u'bonjour', u'avouz']",Bonjour avouz,0.0,neutral
344426709332284_346974495744172,299048997203389_344426709332284,,2017-09-22 9:49,1,1,0,0,0,0,0,0,Tu embarques bientÃ´t ???,[],[],Tu embarques,"['Tu', 'embarques']","['tu', u'embarqu']",Tu embarques bientÃ´t ???,0.0,neutral
344426709332284_346981022410186,299048997203389_344426709332284,344426709332284_346974495744172,2017-09-22 10:12,1,1,0,0,0,0,0,0,Oui! Le navire se dirige prÃ©sentement vers l'Arctique.,[],[],Oui Le navire se dirige sentement vers Arctique,"['Oui', 'Le', 'navire', 'se', 'dirige', 'sentement', 'vers', 'Arctique']","[u'oui', 'le', u'navir', 'se', u'dirig', u'sentement', u'ver', u'arctiqu']",Oui! Le navire se dirige prÃ©sentement vers l'Arctique.,0.0125,positive
344426709332284_346987245742897,299048997203389_344426709332284,344426709332284_346974495744172,2017-09-22 10:32,1,1,0,0,0,0,0,0,Bon vent !!!,[],[],Bon vent,"['Bon', 'vent']","[u'bon', u'vent']",Bon vent !!!,1.0,positive
341589869615968_341590349615920,299048997203389_341589869615968,,2017-09-07 14:02,0,0,0,0,0,0,0,0,"Bonjour mon nom est Karel, DIEU, jai rencontrer voa equipiers cette apres midi et jaimerais discuter de plus amples informations a propos de notre FUTURE ensemble et de comment on procede bien a vous, votre TRUE ONE, Karel",[],[],Bonjour nom Karel DIEU jai rencontrer voa equipiers cette apres midi jaimerais discuter plus amples informations propos FUTURE ensemble comment procede bien TRUE ONE Karel,"['Bonjour', 'nom', 'Karel', 'DIEU', 'jai', 'rencontrer', 'voa', 'equipiers', 'cette', 'apres', 'midi', 'jaimerais', 'discuter', 'plus', 'amples', 'informations', 'propos', 'FUTURE', 'ensemble', 'comment', 'procede', 'bien', 'TRUE', 'ONE', 'Karel']","[u'bonjour', u'nom', u'karel', u'dieu', u'jai', u'rencontr', u'voa', u'equipi', u'cett', u'apr', u'midi', u'jaimerai', u'discut', u'plus', u'ampl', u'inform', u'propo', u'futur', u'ensembl', u'comment', u'proced', u'bien', u'true', u'one', u'karel']","Bonjour mon nom est Karel, DIEU, jai rencontrer voa equipiers cette apres midi et jaimerais discuter de plus amples informations a propos de notre FUTURE ensemble et de comment on procede :) bien a vous, votre TRUE ONE, Karel",0.1575,positive
341589869615968_341821429592812,299048997203389_341589869615968,341589869615968_341590349615920,2017-09-08 8:16,0,0,0,0,0,0,0,0,Merci pour votre question. Nous vous reviendrons bientÃ´t.,[],[],Merci pour votre question Nous vous reviendrons,"['Merci', 'pour', 'votre', 'question', 'Nous', 'vous', 'reviendrons']","[u'merci', u'pour', u'votr', u'question', u'nous', u'vous', u'reviendron']",Merci pour votre question.  Nous vous reviendrons bientÃ´t.,0.3,positive
341589869615968_341605102947778,299048997203389_341589869615968,,2017-09-07 15:07,0,0,0,0,0,0,0,0,Et participer a parade de la fiertÃ© ï¸â€,[],[],Et participer parade de la,"['Et', 'participer', 'parade', 'de', 'la']","['et', u'particip', u'parad', 'de', 'la']",Et participer a 25 parade de la fiertÃ© ðŸ³ï¸â€ðŸŒˆ,0.0,neutral
339056749869280_339130796528542,299048997203389_339056749869280,,2017-08-31 21:30,0,0,0,0,0,0,0,0,Bravo l'Ã©quipe SAR (safe and rescue),[],[],Bravo quipe SAR safe rescue,"['Bravo', 'quipe', 'SAR', 'safe', 'rescue']","[u'bravo', u'quip', u'sar', u'safe', u'rescu']",Bravo l'Ã©quipe SAR (safe and rescue),0.0,neutral
336327280142227_336675220107433,299048997203389_336327280142227,,2017-08-25 5:37,1,1,0,0,0,0,0,0,OcÃ©anne Marquis pour oli,[],[],anne Marquis pour oli,"['anne', 'Marquis', 'pour', 'oli']","[u'ann', u'marqui', u'pour', u'oli']",OcÃ©anne Marquis pour oli ðŸ™Š,0.0,neutral
333704420404513_333813687060253,299048997203389_333704420404513,,2017-08-17 16:06,1,1,0,0,0,0,0,0,Outmane,[],[],Outmane,['Outmane'],[u'outman'],Outmane,0.0,neutral
333704420404513_333814117060210,299048997203389_333704420404513,,2017-08-17 16:09,1,1,0,0,0,0,0,0,Akhoya hadchi rir kdob hhhh,[],[],Akhoya hadchi rir kdob hhhh,"['Akhoya', 'hadchi', 'rir', 'kdob', 'hhhh']","[u'akhoya', u'hadchi', u'rir', u'kdob', u'hhhh']",Akhoya hadchi rir kdob hhhh,0.0,neutral
333704420404513_333815453726743,299048997203389_333704420404513,333704420404513_333814117060210,2017-08-17 16:16,0,0,0,0,0,0,0,0,Za3ma za3ma,[],[],Za3ma za3ma,"['Za3ma', 'za3ma']","[u'za3ma', u'za3ma']",Za3ma za3ma :p,0.75,positive
328125870962368_329506740824281,299048997203389_328125870962368,,2017-08-06 20:09,0,0,0,0,0,0,0,0,Moi,[],[],Moi,['Moi'],[u'moi'],Moi ðŸ’ªðŸ‘ŒðŸ˜,0.0,neutral
322245298217092_323370694771219,299048997203389_322245298217092,,2017-07-23 20:17,0,0,0,0,0,0,0,0,AndrÃ©e,[],[],,[],[],AndrÃ©e,0.0,neutral
322245298217092_323590458082576,299048997203389_322245298217092,322245298217092_323370694771219,2017-07-24 7:49,0,0,0,0,0,0,0,0,merci,[],[],merci,['merci'],[u'merci'],merci ðŸ˜Š,0.3,positive
322245298217092_323538464754442,299048997203389_322245298217092,,2017-07-24 5:09,0,0,0,0,0,0,0,0,Pascal Tardif,[],[],Pascal Tardif,"['Pascal', 'Tardif']","[u'pascal', u'tardif']",Pascal Tardif,-0.05,negative
322245298217092_323703568071265,299048997203389_322245298217092,,2017-07-24 12:55,0,0,0,0,0,0,0,0,Frandi TeaBerry,[],[],Frandi TeaBerry,"['Frandi', 'TeaBerry']","[u'frandi', u'teaberri']",Frandi TeaBerry,0.0,neutral
322245298217092_325168194591469,299048997203389_322245298217092,,2017-07-27 18:45,1,1,0,0,0,0,0,0,"Ben bordel ils embauchent ... Plein de patience Ã  vous tous , dÃ©brouillez vous avec PhÃ©nix. Mais enfin si vous Ã©tes intÃ©ressÃ©s, il y a toujours une vie Ã  bord Ã  date.",[],[],Ben bordel ils embauchent Plein de patience vous tous brouillez vous avec nix Mais enfin si vous tes il toujours une vie bord date,"['Ben', 'bordel', 'ils', 'embauchent', 'Plein', 'de', 'patience', 'vous', 'tous', 'brouillez', 'vous', 'avec', 'nix', 'Mais', 'enfin', 'si', 'vous', 'tes', 'il', 'toujours', 'une', 'vie', 'bord', 'date']","[u'ben', u'bordel', u'il', u'embauch', u'plein', 'de', u'patienc', u'vous', u'tous', u'brouillez', u'vous', u'avec', u'nix', u'mai', u'enfin', 'si', u'vous', u'tes', 'il', u'toujour', u'une', u'vie', u'bord', u'date']","Ben bordel ils embauchent ... Plein de patience Ã  vous tous ,  dÃ©brouillez vous avec PhÃ©nix. Mais enfin si vous Ã©tes intÃ©ressÃ©s, il y a toujours une vie Ã  bord Ã  date.",0.19666666666666666,positive
