,id,date_published,link,caption_original,caption_cleaned,hashtags,num_comments,num_shares,num_likes,Reactions_SUM,category,matched_keywords,language,average_sentiment_score,sentiment,account_name
0,928380207253385217,2017-11-08 21:54:24,[],"RT @VeteransENG_CA: Today on Aboriginal Veterans Day, we salute the 1000s of Indigenous men &amp; women who have served #CanadaRemembers https:…",RT Today Aboriginal Veterans Day salute 1000s Indigenous men amp women served CanadaRemembers https,['#CanadaRemembers'],,111,0,111,['other'],[],en,0.0,Neutral,AAC_Canada_tweeter
1,935625178683461634,2017-11-28 21:43:20,[],"RT @Greffier_GC: Au nom de la fonction publique du Canada, je présente des excuses à tous les fonctionnaires LGBTQ2 qui ont souffert à caus…",RT Au nom de la fonction publique du Canada je sente des excuses tous les fonctionnaires LGBTQ2 qui ont souffert,[],,93,0,93,['other'],[],fr,0.0,Neutral,AAC_Canada_tweeter
2,884416668327346178,2017-07-10 14:19:00,[],"RT @JustinTrudeau: Dès le 21 sept., l'#AECG sera appliqué à 98 %, ce qui créera des emplois et des débouchés pour les entreprises : https:/…",RT JustinTrudeau le 21 sept AECG sera 98 ce qui era des emplois et des pour les entreprises https,['#AECG'],,85,0,85,['other'],[],fr,0.0,Neutral,AAC_Canada_tweeter
3,928712688552808448,2017-11-09 19:55:34,['https://t.co/nxO3khBAoA'],"RT @VeteransFR_CA: À la 11e heure du 11e jour du 11e mois, souvenez-vous des vétérans canadiens https://t.co/nxO3khBAoA #Lecanadasesouvient…",RT la 11e heure du 11e jour du 11e mois souvenez vous des rans canadiens https co nxO3khBAoA,['#Lecanadasesouvient'],,83,0,83,['other'],[],fr,0.0,Neutral,AAC_Canada_tweeter
4,914956862445031430,2017-10-02 20:54:49,[],RT @BiblioArchives: C’est le mois de l’#Histoiredesfemmes. Pouvez-vous nommer ces 100 femmes qui ont façonné notre pays? #PrendreSaPlaceow.…,RT BiblioArchives est le mois de Histoiredesfemmes Pouvez vous nommer ces 100 femmes qui ont notre pays PrendreSaPlaceow,"['#Histoiredesfemmes', '#PrendreSaPlaceow']",,45,0,45,['other'],[],fr,0.0,Neutral,AAC_Canada_tweeter
0,882296818830331905,2017-07-04 17:55:28,['https://t.co/CsuOPQAmHw'],Le fonds national des corridors commerciaux de 2 G$ renforcera le commerce ??et la résilience du réseau de transport ??#CorridorsDeCommerce https://t.co/CsuOPQAmHw,Le fonds national des corridors commerciaux de renforcera le commerce et la silience du seau de transport CorridorsDeCommerce https co CsuOPQAmHw,['#CorridorsDeCommerce'],,37,115,152,['other'],[],fr,0.0,Neutral,Transports_gc_tweeter
1,811939764693860353,2016-12-22 14:21:39,"['https://t.co/d18rNRrHfV', 'https://t.co/1XOwEyiNdP']",#EnRappel: Le #pèreNoël a renouvelé sa licence de pilote professionnel! Voici ce qui s’est passé en coulisses: https://t.co/d18rNRrHfV https://t.co/1XOwEyiNdP,EnRappel Le sa licence de pilote professionnel Voici ce qui est en coulisses https co d18rNRrHfV https co 1XOwEyiNdP,"['#EnRappel', '#p']",,54,66,120,['other'],[],fr,0.0,Neutral,Transports_gc_tweeter
2,913408859863224322,2017-09-28 14:23:37,['https://t.co/Rd6Qq1prdh\xe2\x80\xa6'],"RT @IMOHQ: Today is #WorldMaritimeDay and it's all about ""Connecting ships, ports and people"" - find out more here: https://t.co/Rd6Qq1prdh…",RT IMOHQ Today WorldMaritimeDay Connecting ships ports people find https co,['#WorldMaritimeDay'],,104,0,104,['other'],[],en,0.5,Positive,Transports_gc_tweeter
3,850772682480246785,2017-04-08 18:09:48,[],RT @VeteransFR_CA: Des troupes représentant les 4 divisions de l’Armée cdnne qui ont combattu à Vimy marchent vers le Mém. national du Cana…,RT Des troupes sentant les divisions de cdnne qui ont combattu Vimy marchent vers le national du,[],,99,0,99,['other'],[],fr,0.0,Neutral,Transports_gc_tweeter
4,817496430780829696,2017-01-06 22:21:52,[],RT @CanadaPE: Le suspect de #FortLauderdale ne voyageait pas du Canada et n’était pas sur un vol canadien. Aucun lien avec le Canada,RT CanadaPE Le suspect de FortLauderdale ne voyageait pas du Canada et tait pas sur un vol canadien Aucun lien avec le Canada,['#FortLauderdale'],,99,0,99,['other'],[],fr,0.0,Neutral,Transports_gc_tweeter
0,798775163588850_1022430584556639,2017-02-09 10:50:19,https://www.facebook.com/AgricultureCanadienne/photos/a.803710926428607.1073741828.798775163588850/1022430584556639/?type=3,Le Canada produit beaucoup de sirop d’érable! Renseignez-vous sur ce produit-vedette. http://ow.ly/lZJs308OBUD,Le Canada produit beaucoup de sirop d’érable! Renseignez-vous sur ce produit-vedette. UD,[],88,453,1849,2557,['other'],[],fr,0.06441547540651796,positive,AgricultureCanadienne_facebook
1,798775163588850_1022331494566548,2017-02-09 07:10:14,https://www.facebook.com/AgricultureCanadienne/photos/a.803710926428607.1073741828.798775163588850/1022331494566548/?type=3,Les pommes se conservent et restent fraîches plus longtemps grâce à l'innovation. Voyez comment : http://ow.ly/QaDq308OAbW,Les pommes se conservent et restent fraîches plus longtemps grâce à l'innovation. Voyez comment :,[],65,370,1475,2009,['other'],[],fr,0.08339880952380951,positive,AgricultureCanadienne_facebook
2,798775163588850_1021979637935067,2017-02-08 16:50:11,https://www.facebook.com/AgricultureCanadienne/photos/a.803710926428607.1073741828.798775163588850/1021979637935067/?type=3,Nos chercheurs étudient la saveur des produits de l’érable canadiens. Découvrez pourquoi. http://ow.ly/MGn0308OADW,Nos chercheurs étudient la saveur des produits de l’érable canadiens. Découvrez pourquoi.,[],196,378,1023,1697,['other'],[],fr,0.2106994212962963,positive,AgricultureCanadienne_facebook
3,798775163588850_1020525681413796,2017-02-06 10:14:48,https://www.facebook.com/AgricultureCanadienne/photos/a.803710926428607.1073741828.798775163588850/1020525681413796/?type=3,Besoin d’un prêt pour améliorer votre ferme? Nous pouvons vous aider. Découvrez comment. http://ow.ly/HH4i308J3W5,Besoin d’un prêt pour améliorer votre ferme? Nous pouvons vous aider. Découvrez comment.,[],42,324,1017,1412,['other'],[],fr,0.0,neutral,AgricultureCanadienne_facebook
4,798775163588850_1021963211270043,2017-02-08 16:07:36,https://www.facebook.com/AgricultureCanadienne/photos/a.803710926428607.1073741828.798775163588850/1021963211270043/?type=3,Le lycopène donne sa couleur rouge à la tomate. Découvrez pourquoi nous l’étudions. http://ow.ly/FTNi308OBBT,Le lycopène donne sa couleur rouge à la tomate. Découvrez pourquoi nous l’étudions.,[],94,234,840,1239,['other'],[],fr,0.05877192982456141,positive,AgricultureCanadienne_facebook
0,714917058065121280,2016-03-29 20:48:03,['https://t.co/DLiM4b8SnR'],Nous ouvrons une enquête complète sur l'accident d'avion près de l'aéroport des #îlesdelamadeleine  https://t.co/DLiM4b8SnR,Nous ouvrons une te sur accident avion de roport des lesdelamadeleine https co DLiM4b8SnR,['#'],,25,10,35,['other'],[],fr,0.0,Neutral,BSTCanada_tweeter
1,714886838775844864,2016-03-29 18:47:58,['https://t.co/OLFSHYFoLH'],Envoie une équipe sur le site d'un accident d'avion survenu près de l'aéroport des Îles-de-la-Madelaine QC https://t.co/OLFSHYFoLH,Envoie une quipe sur le site un accident avion survenu de roport des les de la Madelaine QC https co OLFSHYFoLH,[],,21,1,22,['other'],[],fr,0.0,Neutral,BSTCanada_tweeter
2,842807158702030848,2017-03-17 18:37:39,['https://t.co/FqjfullN8z'],Envoie une équipe à Saint-Bruno-de-Montarville (Québec) suite à une collision en vol https://t.co/FqjfullN8z,Envoie une quipe Saint Bruno de Montarville bec suite une collision en vol https co FqjfullN8z,[],,16,3,19,['other'],[],fr,0.0,Neutral,BSTCanada_tweeter
3,717412046296457216,2016-04-05 18:02:15,"['https://t.co/7EjDV0x', 'https://t.co/QGcZfLBTPw']",#Nouvelles photos: dispositif d'enregistrement de bord retiré de l'avion #îlesdelamadeleine https://t.co/7EjDV0xcu1 https://t.co/QGcZfLBTPw,Nouvelles photos dispositif enregistrement de bord de avion lesdelamadeleine https co 7EjDV0xcu1 https co QGcZfLBTPw,"['#Nouvelles', '#']",,8,9,17,['other'],[],fr,0.0,Neutral,BSTCanada_tweeter
4,775745952560873473,2016-09-13 17:20:22,['https://t.co/IUNB6sumy'],"Le saviez-vs? Au cours des 10 dern. années, ~270 accidents &amp; 730 incidents d’aviation  par an nous ont été signalés https://t.co/IUNB6sumy8",Le saviez vs Au cours des 10 dern es 270 accidents amp 730 incidents aviation par nous ont https co IUNB6sumy8,[],,3,13,16,['other'],[],fr,0.0,Neutral,BSTCanada_tweeter
0,2018-01-05_10-46-55,2018-01-05T10:46:55,https://instagram.fyvr3-1.fna.fbcdn.net/vp/1fb1d657f101df488de6b91535fe4efa/5AFAFAF9/t51.2885-15/e35/25023189_1601099506610248_2046997845818474496_n.jpg,« Le soleil allait bientôt se coucher lorsque nous avons finalement terminé l’entretien annuel d’une station météorologique éloignée près de Bathurst Inlet au Nunavut. Les chauds rayons du soleil éclairant la végétation naturelle et notre petit avion sur la petite piste d’atterrissage près de notre station. » – Braden Bunce: Braden Bunce...,Le soleil allait se coucher lorsque nous avons finalement entretien annuel une station orologique de Bathurst Inlet au Nunavut Les chauds rayons du soleil clairant la tation naturelle et notre petit avion sur la petite piste atterrissage de notre station Braden Bunce Braden Bunce Nunavut CoucherDeSoleil Nord InstaCoucherDeSoleil EnvironnementCanada EnvironnementCan,"[""nunavut"",""coucherdesoleil"",""nord"",""instacoucherdesoleil"",""environnementcanada"",""environnementcan""]",0,,32,32,['other'],[],fr,0.0,neutral,environnementcan_instagram
1,2018-01-16_13-03-20,2018-01-16T13:03:20,https://instagram.fyvr3-1.fna.fbcdn.net/vp/96aac32a4be1fef3ba5067594d7e89e3/5ADBF652/t51.2885-15/e35/26151502_2085892678106041_4006690864913973248_n.jpg,"cliffLAND : « … où la nature sauvage et fougueuse comble notre besoin de beauté et d’inspiration. » - Howard Clifford. Appartenant à la famille Clifford, cliffLAND est une zone de conservation située dans une partie spéciale du Bouclier canadien qui rejoint le calcaire de l’est et du sud. Elle est d’autant plus unique par une sous-couche importante de marbre qui produit une biodiversité d’une richesse incroyable. Une plaque Canada est installée sur la propriété pour commémorer les efforts de conservation du donateur. Dans le cadre du Programme des dons écologiques d’Environnement et Changement climatique Canada, cliffLAND est protégée à perpétuité par le Mississippi Madawaska Land Trust. Le Programme des dons écologiques procure des avantages fiscaux aux propriétaires qui font don d’une terre dans le but de la protéger à perpétuité.... é",cliffLAND la nature sauvage et fougueuse comble notre besoin de et inspiration Howard Clifford nAppartenant la famille Clifford cliffLAND est une zone de conservation dans une partie ciale du Bouclier canadien qui rejoint le calcaire de est et du sud Elle est autant plus unique par une sous couche importante de marbre qui produit une une richesse incroyable Une plaque Canada 150 est sur la pour morer les efforts de conservation du donateur nDans le cadre du Programme des dons cologiques Environnement et Changement climatique Canada cliffLAND est par le Mississippi Madawaska Land Trust Le Programme des dons cologiques procure des avantages fiscaux aux taires qui font une terre dans le de la ger Conservation Nature Protection ExploreCanada Canada150 BouclierCanadien EnvironnementCan EnvironnementCanada,"[""conservation"",""nature"",""protection"",""biodiversité"",""explorecanada"",""canada150"",""boucliercanadien"",""environnementcan"",""environnementcanada""]",2,,28,30,['other'],[],fr,0.0,neutral,environnementcan_instagram
2,2017-05-15_08-44-16,2017-05-15T08:44:16,https://instagram.fyvr3-1.fna.fbcdn.net/vp/64083430f03f23b01b253b70672a2768/5AF30592/t51.2885-15/e35/24845497_198548264026685_8869742713377914880_n.jpg,"Reconnaissez-vous ce dôme géodésique qui est devenu un icône dans le paysage montréalais en ? Savez-vous ce qu’il héberge actuellement? La Biosphère de Montréal, c’est le seul musée de l’environnement en Amérique du Nord! Si vous êtes de passage à Montréal cet été, profitez-en pour visiter le musée! Nous avons préparé plusieurs nouvelles eitions pour célébrer le e de Montréal, le e du Canada et le e de l’E ....ère éal ébec éal Été2017 éal",Reconnaissez vous ce sique qui est devenu un ne dans le paysage alais en 1967 Savez vous ce il berge actuellement La de al est le seul de environnement en rique du Nord Si vous de passage al cet profitez en pour visiter le Nous avons plusieurs nouvelles expositions pour brer le 375e de al le 150e du Canada et le 50e de Expo 67 BiosphereMTL MTLMOMENTS al bec Canada ExploreCanada al Vacances2017 2017 EnvironnementCanada al 375MTL Expo67 Canada150,"[""biosphère"",""biospheremtl"",""mtlmoments"",""montréal"",""québec"",""canada"",""explorecanada"",""exploremontréal"",""vacances2017"",""été2017"",""environnementcanada"",""museesmontréal"",""375mtl"",""expo67"",""canada150""]",2,,27,29,['other'],[],fr,0.44375,positive,environnementcan_instagram
3,2017-11-29_10-43-40,2017-11-29T10:43:40,https://instagram.fyvr3-1.fna.fbcdn.net/vp/0836e3000caed6b640d3e1f134f500ac/5AE783CA/t51.2885-15/e35/25006833_384707888631897_8604583587280322560_n.jpg,"Dernière chance! Le concours national de photos en ligne de Conservation de la nature Canada prend fin le novembre! Inscrivez-vous au concours en partageant sur Twitter et Instagram des photos de lieux magnifiques au Canada en mentionnant le mot-clic . Vous serez automatiquement inscrit au concours et courrez la chance de remporter un téléphone Essential de Telus! Pour chaque inscription, TELUS versera $ à Conservation de la nature Canada! Participez dès aujourd’hui; consultez le lien dans notre biographie! (anglais seulement) ...",chance Le concours national de photos en ligne de Conservation de la nature Canada prend fin le 30 novembre nInscrivez vous au concours en partageant sur Twitter et Instagram des photos de lieux magnifiques au Canada en mentionnant le mot clic PlacesWorthProtecting Vous serez automatiquement inscrit au concours et courrez la chance de remporter un phone Essential de Telus Pour chaque inscription TELUS versera Conservation de la nature Canada Participez hui consultez le lien dans notre biographie anglais seulement Concours Photos PlacesWorthProtecting NatureConservancyOfCanada nature CanadianNature NaturePic NatureShot EnvironnementCanada EnvironnementCan,"[""placesworthprotecting"",""concours"",""photos"",""placesworthprotecting"",""natureconservancyofcanada"",""nature"",""canadiannature"",""naturepic"",""natureshot"",""environnementcanada"",""environnementcan""]",0,,28,28,['other'],[],fr,0.0,neutral,environnementcan_instagram
4,2017-02-16_11-52-59,2017-02-16T11:52:59,https://instagram.fyvr3-1.fna.fbcdn.net/vp/6d19f6524fcd344c5912f267e853f61c/5ADCFCF9/t51.2885-15/e35/25008648_946303898850629_3549923584065404928_n.jpg,"L’Île de Sable est souvent nommée le « cimetière de l’Atlantique » en raison de ses nombreuses épaves . Un refuge d’oiseaux migrateurs a été créé sur l’île en . Il couvre toute l’île, un croissant de sable qui s’étend d’est en ouest sur près de kilomètres. On y trouve même des chevaux sauvages! égée",le de Sable est souvent le de Atlantique en raison de ses nombreuses paves Un refuge oiseaux migrateurs sur le en 1977 Il couvre toute le un croissant de sable qui tend est en ouest sur de 32 tres trouve des chevaux sauvages ECcan150 EnvironnementCanada Canada150 Oies OiseauxMigrateurs NouvelleEcosse,"[""eccan150"",""environnementcanada"",""canada150"",""aireprotégée"",""oies"",""oiseauxmigrateurs"",""nouvelleecosse""]",0,,24,24,['other'],[],fr,0.0,neutral,environnementcan_instagram
0,931147581689917440,2017-11-16 13:10:58,[],RT @N_Hulot: Nouveaux engagements pour accélérer la lutte contre le changement climatique à #COP23 : une coalition est lancée pour laisser…,RT Nouveaux engagements pour rer la lutte contre le changement climatique COP23 une coalition est pour,['#COP23'],,325,0,325,['other'],[],fr,0.0,Neutral,environnementca_tweeter
1,928232288885837824,2017-11-08 12:06:38,[],"RT @Min_Ecologie: Quels sont les enjeux de la #COP23 se déroulant à Bonn du 6 au 17 Nov 2017 ? La réponse en une infographie animée : 
http…",RT Quels sont les enjeux de la COP23 se roulant Bonn du au 17 Nov 2017 La ponse en une infographie,['#COP23'],,168,0,168,['other'],[],fr,0.0,Neutral,environnementca_tweeter
2,868535487732092929,2017-05-27 18:32:51,[],RT @PMcanadien: « Je suis impatient d’accueillir mes homologues l’an prochain dans la magnifique région de Charlevoix. » #G7Charlevoix http…,RT PMcanadien Je suis impatient accueillir mes homologues prochain dans la magnifique gion de Charlevoix G7Charlevoix,['#G7Charlevoix'],,153,0,153,['other'],[],fr,-0.2,Neutral,environnementca_tweeter
3,929132179791151104,2017-11-10 23:42:28,[],"RT @PMcanadien: Une pluie de 117 000 coquelicots, un pour chaque Canadien mort au combat, tombe sur l’édifice du Centre à Ottawa. #LeCanada…",RT PMcanadien Une pluie de 117 000 coquelicots un pour chaque Canadien mort au combat tombe sur difice du Centre Ottawa,['#LeCanada'],,140,0,140,['other'],[],fr,0.0,Neutral,environnementca_tweeter
4,871708161283170305,2017-06-05 12:39:55,[],"RT @UNEPfr: #JournéeMondialeDelEnvironnement nous sommes ravis d'être au Canada ?? ! Événements en direct ajd &amp; demain.
Partagez votre plus…",RT UNEPfr eMondialeDelEnvironnement nous sommes ravis au Canada nements en direct ajd amp demain Partagez votre,['#Journ'],,124,0,124,['other'],[],fr,0.1,Neutral,environnementca_tweeter
0,370233926766473_392749417848257,2017-12-11 21:00:25,https://www.facebook.com/EnvironnementetChangementclimatique/photos/a.377494369373762.1073741828.370233926766473/392749417848257/?type=3,"Saviez-vous que vous devriez toujours vérifier l’indice UV, même en hiver?! http://ow.ly/inat30h9XzF","Saviez-vous que vous devriez toujours vérifier l’indice UV, même en hiver?!",[],0,7,1,9,['other'],[],fr,0.0,neutral,EnvironnementetChangementclimatique_facebook
1,370233926766473_384139552042577,2017-11-22 20:07:46,https://www.facebook.com/EnvironnementetChangementclimatique/photos/a.377494369373762.1073741828.370233926766473/384139552042577/?type=3,"Regardez la ministre de l’Environnement et du Changement climatique, Catherine McKenna, qui prononcera une allocution lors de la conférence internationale qui vise à protéger la couche d’ozone et à lutter contre les changements climatiques. EN DIRECT de Montréal! UN Environment","Regardez la ministre de l’Environnement et du Changement climatique, Catherine McKenna, qui prononcera une allocution lors de la conférence internationale qui vise à protéger la couche d’ozone et à lutter contre les changements climatiques. EN DIRECT de Montréal! UN Environment",[],0,8,1,9,['other'],[],fr,0.0,neutral,EnvironnementetChangementclimatique_facebook
2,370233926766473_396995560756976,2017-12-21 08:40:30,https://www.facebook.com/EnvironnementetChangementclimatique/videos/396995560756976/,"Les Canadiens en avaient long à dire sur la météo cette année! Des inondations ont causé des dommages importants dans certaines régions du Québec et de l’Ontario, et des tempêtes hivernales ont enseveli le Canada atlantique. Les Britanno-Colombiens ont vécu la saison de feux de forêt la plus dévastatrice de l’histoire de la province et les conditions de chaleur et de sécheresse record dans l’Ouest ont fait de 2017 une année catastrophique  pour les cultivateurs et les éleveurs.

Les experts météorologues d’Environnement et Changement climatique Canada ont sélectionné leurs dix événements météo les plus marquants de l’année 2017 à partir d’une liste de 100 événements importants dans tout le pays. Jetez un coup d’œil : http://ow.ly/z50V30hn2I6","Les Canadiens en avaient long à dire sur la météo cette année! Des inondations ont causé des dommages importants dans certaines régions du Québec et de l’Ontario, et des tempêtes hivernales ont enseveli le Canada atlantique. Les Britanno-Colombiens ont vécu la saison de feux de forêt la plus dévastatrice de l’histoire de la province et les conditions de chaleur et de sécheresse record dans l’Ouest ont fait de une année catastrophique pour les cultivateurs et les éleveurs. Les eerts météorologues d’Environnement et Changement climatique Canada ont sélectionné leurs dix événements météo les plus marquants de l’année à partir d’une liste de événements importants dans tout le pays. Jetez un coup d’œil :",[],0,6,1,7,['other'],[],fr,0.0,neutral,EnvironnementetChangementclimatique_facebook
3,370233926766473_390322918090907,2017-12-06 14:49:48,https://www.facebook.com/EnvironnementetChangementclimatique/videos/390322918090907/,#CanadaEnChine – Bombardier ?? spécialiste en réduction de pollution avec son aéronef novateur #CSeries qui consomme seulement 2 L/100 km de carburant par passager. http://ow.ly/Fk9c30h3Hry #ActionClimatique,– Bombardier ?? spécialiste en réduction de pollution avec son aéronef novateur qui consomme seulement L/100 km de carburant par passager.,"['#CanadaEnChine', '#CSeries', '#ActionClimatique']",0,3,3,6,['other'],[],fr,0.0,neutral,EnvironnementetChangementclimatique_facebook
4,370233926766473_394378127685386,2017-12-15 14:34:41,https://www.facebook.com/EnvironnementetChangementclimatique/videos/394378127685386/,"Nous avons une grande nouvelle! Le gouvernement du Canada financera, au cours des cinq prochaines années, plus de 1 milliard de dollars au Fonds du leadership pour l’économie à faibles émissions de carbone pour aider les provinces de la Colombie-Britannique, de l’Alberta, de l’Ontario, du Québec, du Nouveau-Brunswick et de la Nouvelle-Écosse. 

Le Canada s’est engagé à développer l’économie et la protection de l’environnement pour les générations futures.

http://ow.ly/tGE730hfWnA","Nous avons une grande nouvelle! Le gouvernement du Canada financera, au cours des cinq prochaines années, plus de milliard de dollars au Fonds du leadership pour l’économie à faibles émissions de carbone pour aider les provinces de la Colombie-Britannique, de l’Alberta, de l’Ontario, du Québec, du Nouveau-Brunswick et de la Nouvelle-Écosse. Le Canada s’est engagé à développer l’économie et la protection de l’environnement pour les générations futures.",[],0,2,1,5,['other'],[],fr,0.0,neutral,EnvironnementetChangementclimatique_facebook
0,460123390028_10157025984650029,2016-06-13 14:22:54,https://www.facebook.com/EnvironnementetressourcesnaturellesauCanada/photos/a.481746145028.384353.460123390028/10157025984650029/?type=3,"Un Canada sain et entièrement durable. Nous pouvons y arriver, mais nous ne pouvons pas le faire seuls. Nous avons besoin de votre opinion et de votre vision. Jetez un coup d’œil à notre stratégie provisoire pour un Canada durable du point de vue de l’environnement, la Stratégie fédérale de développement durable de 2016-2019. Faites-nous parvenir vos commentaires d’ici le 24 juin. http://ow.ly/10ryuh http://ow.ly/10ryxl","Un Canada sain et entièrement durable. Nous pouvons y arriver, mais nous ne pouvons pas le faire seuls. Nous avons besoin de votre opinion et de votre vision. Jetez un coup d’œil à notre stratégie provisoire pour un Canada durable du point de vue de l’environnement, la Stratégie fédérale de développement durable de -2019. Faites-nous parvenir vos commentaires d’ici le juin.",[],65,302,1974,2458,['other'],[],fr,0.11550702380952382,positive,EnvironnementetressourcesnaturellesauCanada_facebook
1,460123390028_10156864580230029,2016-05-02 09:48:45,https://www.facebook.com/EnvironnementetressourcesnaturellesauCanada/photos/a.481746145028.384353.460123390028/10156864580230029/?type=3,"Durabilité : Nous sommes à votre écoute
Nous voulons amorcer une conversation. Consultez la version provisoire de notre stratégie fédérale de développement durable, un plan qui établit les priorités et les mesures fédérales au chapitre de l’environnement pour les trois prochaines années. Prononcez-vous et partagez vos commentaires qui serviront à mettre au point la stratégie définitive et à améliorer les prochaines stratégies. Faites-nous parvenir vos commentaires d’ici le 24 juin.  http://ow.ly/10ryuh http://ow.ly/10ryxl","Durabilité : Nous sommes à votre écoute Nous voulons amorcer une conversation. Consultez la version provisoire de notre stratégie fédérale de développement durable, un plan qui établit les priorités et les mesures fédérales au chapitre de l’environnement pour les trois prochaines années. Prononcez-vous et partagez vos commentaires qui serviront à mettre au point la stratégie définitive et à améliorer les prochaines stratégies. Faites-nous parvenir vos commentaires d’ici le juin.",[],60,318,1307,1789,['other'],[],fr,0.10284921824499033,positive,EnvironnementetressourcesnaturellesauCanada_facebook
2,460123390028_10156776938205029,2016-04-08 08:47:44,https://www.facebook.com/EnvironnementetressourcesnaturellesauCanada/photos/a.481746145028.384353.460123390028/10156776938205029/?type=3,"Le printemps est arrivé. La prochaine fois que vous ferez vos activités préférées en plein air au Canada, pensez à ce que signifie pour vous un Canada durable. Nous avons publié la version provisoire de la Stratégie fédérale de développement durable et la soumettons à une période de consultation publique jusqu’au 24 juin. Que pensez vous de notre stratégie? Faites nous part de votre vision pour un Canada durable. http://ow.ly/10ryuh http://ow.ly/10ryxl","Le printemps est arrivé. La prochaine fois que vous ferez vos activités préférées en plein air au Canada, pensez à ce que signifie pour vous un Canada durable. Nous avons publié la version provisoire de la Stratégie fédérale de développement durable et la soumettons à une période de consultation publique jusqu’au juin. Que pensez vous de notre stratégie? Faites nous part de votre vision pour un Canada durable.",[],26,148,850,1074,['other'],[],fr,0.09128316326530612,positive,EnvironnementetressourcesnaturellesauCanada_facebook
3,460123390028_10159273154960029,2017-08-30 11:01:13,https://www.facebook.com/EnvironnementetressourcesnaturellesauCanada/photos/a.481746145028.384353.460123390028/10159273154960029/?type=3,"Trouvez une solution au changement climatique vous tient à cœur? Aidez-nous à définir notre avenir énergétique!
http://ow.ly/xsJn30eEJkz #GénÉnergie",Trouvez une solution au changement climatique vous tient à cœur? Aidez-nous à définir notre avenir énergétique! énÉnergie,['#G'],22,61,289,391,['other'],[],fr,0.06522743055555556,positive,EnvironnementetressourcesnaturellesauCanada_facebook
4,460123390028_10157795825810029,2016-11-23 09:01:44,https://www.facebook.com/EnvironnementetressourcesnaturellesauCanada/videos/10157795825810029/,,,[],106,35,153,324,['other'],[],tl,0.041605943152454784,positive,EnvironnementetressourcesnaturellesauCanada_facebook
0,299048997203389_365055377269417,2017-11-17 09:00:00,https://www.facebook.com/GardeCotiereCanadienne/videos/365055377269417/,"Fait amusant vendredi :
Nous sommes fières d’avoir 114 navires, 23 hélicoptères et 4 500 membres travaillant sans relâche à la protection du plus long littoral au monde que forment les 243 000 kilomètres de côtes accidentées du Canada.

Nous sommes la plus haute compétence maritime au pays et elle mène ses activités 24 heures sur 24 dans des conditions parmi les plus difficiles de la planète, afin de fournir des services essentiels pour la sécurité, la sûreté et la croissance économique.","Fait amusant vendredi : Nous sommes fières d’avoir navires, hélicoptères et membres travaillant sans relâche à la protection du plus long littoral au monde que forment les kilomètres de côtes accidentées du Canada. Nous sommes la plus haute compétence maritime au pays et elle mène ses activités heures sur dans des conditions parmi les plus difficiles de la planète, afin de fournir des services essentiels pour la sécurité, la sûreté et la croissance économique.",[],5,80,64,159,['other'],[],fr,0.3484375,positive,GardeCotiereCanadienne_facebook
1,299048997203389_351514785290143,2017-10-04 14:04:46,https://www.facebook.com/GardeCotiereCanadienne/photos/a.315762808865341.1073741828.299048997203389/351514618623493/?type=3,"Les brise-glaces qui ont passé l’été en Arctique commencent à revenir à leur port d’attache. Demain, surveillez l’arrivée du premier d’entre eux, le NGCC Pierre Radisson, de retour à Québec après un voyage en Islande. C’est dans le cadre de cette expédition que la Garde côtière canadienne a participé au Forum des gardes côtières de l’Arctique. 

L’exercice pratique réalisé en partenariat avec les sept autres États participants a donné à la Garde côtière canadienne l’occasion de démontrer ses capacités de classe mondiale en matière d’opérations de recherche et sauvetage.

Apprenez-en davantage sur le Forum : ow.ly/gziz30fDVeK","Les brise-glaces qui ont passé l’été en Arctique commencent à revenir à leur port d’attache. Demain, surveillez l’arrivée du premier d’entre eux, le NGCC Pierre Radisson, de retour à Québec après un voyage en Islande. C’est dans le cadre de cette eédition que la Garde côtière canadienne a participé au Forum des gardes côtières de l’Arctique. L’exercice pratique réalisé en partenariat avec les sept autres États participants a donné à la Garde côtière canadienne l’occasion de démontrer ses capacités de classe mondiale en matière d’opérations de recherche et sauvetage. Apprenez-en davantage sur le Forum :",[],4,26,64,100,['other'],[],fr,0.08781249999999999,positive,GardeCotiereCanadienne_facebook
2,299048997203389_364986400609648,2017-11-13 13:00:00,https://www.facebook.com/GardeCotiereCanadienne/videos/364986400609648/,"Nous avons fièrement participé avec des partenaires du Danemark, de la Finlande, de l'Islande, de la Norvège, de la Russie, de la Suède et des États-Unis lors du forum Arctique de la Garde côtière qui s`est tenu en septembre 2017 en Islande. Regardez les faits saillants de l'exercice «Arctic Guardian» de trois jours:","Nous avons fièrement participé avec des partenaires du Danemark, de la Finlande, de l'Islande, de la Norvège, de la Russie, de la Suède et des États-Unis lors du forum Arctique de la Garde côtière qui s`est tenu en septembre en Islande. Regardez les faits saillants de l'exercice «Arctic Guardian» de trois jours:",[],3,32,41,81,['other'],[],fr,0.18333333333333326,positive,GardeCotiereCanadienne_facebook
3,299048997203389_356525411455747,2017-10-18 14:02:52,https://www.facebook.com/GardeCotiereCanadienne/videos/356525411455747/,"En cette Affaire Personne, nous aimerions présenter une femme forte de la Garde côtière canadienne, la Commissaire adjointe Julie Gascon. Elle a débuté son séjour avec nous en tant qu’étudiante au Collège de la Garde côtière canadienne et elle est maintenant à la tête de notre région du Centre et de l’Arctique, qui inclus plus de 1 200 employés. Elle s’exprime fréquemment à des ateliers créés pour aider les femmes à s’accomplir. Prendre sa place! Femmes au Canada","En cette Affaire Personne, nous aimerions présenter une femme forte de la Garde côtière canadienne, la Commissaire adjointe Julie Gascon. Elle a débuté son séjour avec nous en tant qu’étudiante au Collège de la Garde côtière canadienne et elle est maintenant à la tête de notre région du Centre et de l’Arctique, qui inclus plus de employés. Elle s’erime fréquemment à des ateliers créés pour aider les femmes à s’accomplir. Prendre sa place! Femmes au Canada",[],1,24,48,76,['other'],[],fr,0.0,neutral,GardeCotiereCanadienne_facebook
4,299048997203389_322245298217092,2017-07-21 10:30:10,https://www.facebook.com/GardeCotiereCanadienne/photos/a.315762808865341.1073741828.299048997203389/322245298217092/?type=3,La vue et la visite des grands voiliers accostés au port de Québec ont éveillé votre intérêt? Leur présence permet la découverte du caractère unique du secteur maritime et de la vie du personnel navigant. La Garde côtière canadienne recrute actuellement et pourrait vous offrir la chance d’avoir une carrière sans pareille! Consultez l’éventail des possibilités offertes : https://emploisfp-psjobs.cfp-psc.gc.ca/psrs-srfp/applicant/page1800?poster=1016490&toggleLanguage=fr et  http://www.ccg-gcc.gc.ca/College-et-carrieres/Carrieres.,La vue et la visite des grands voiliers accostés au port de Québec ont éveillé votre intérêt? Leur présence permet la découverte du caractère unique du secteur maritime et de la vie du personnel navigant. La Garde côtière canadienne recrute actuellement et pourrait vous offrir la chance d’avoir une carrière sans pareille! Consultez l’éventail des possibilités offertes : et .,[],4,58,11,73,['other'],[],fr,0.08933333333333332,positive,GardeCotiereCanadienne_facebook
0,926474073084964864,2017-11-03 15:40:06,[],RT @VeteransFR_CA: RT pour rendre hommage aux vétérans canadiens. Vous recevrez un rappel le 11/11 et serez ajouté à une mosaïque #Lecanada…,RT RT pour rendre hommage aux rans canadiens Vous recevrez un rappel le 11 11 et serez une que,['#Lecanada'],,2169,0,2169,['other'],[],fr,0.0,Neutral,GCAutochtones_tweeter
1,895253556244221952,2017-08-09 12:00:55,['https://t.co/rwJvw9gnih'],"Pour la Journée internationale des peuples #autochtones, prenez un moment pour réfléchir à la richesse des cultures autochtones au Canada. https://t.co/rwJvw9gnih",Pour la internationale des peuples autochtones prenez un moment pour chir la richesse des cultures autochtones au Canada https co rwJvw9gnih,['#autochtones'],,65,49,114,['other'],[],fr,0.0,Neutral,GCAutochtones_tweeter
2,745230128842739712,2016-06-21 12:21:23,['https://t.co/u2QcDdHUtB'],"Aujourd'hui, célébrons et reconnaissons les contributions, cultures et l'histoire des Autochtones au pays #JNACanada https://t.co/u2QcDdHUtB",Aujourd hui brons et reconnaissons les contributions cultures et histoire des Autochtones au pays JNACanada https co u2QcDdHUtB,['#JNACanada'],,76,34,110,['other'],[],fr,0.0,Neutral,GCAutochtones_tweeter
3,877466246069051393,2017-06-21 10:00:30,['https://t.co/A1ngV4vxUt'],"Célébrons les #Autochtones au pays et reconnaissons leurs précieuses contributions, cultures et histoire. Bonne #JNACanada! #PNMI https://t.co/A1ngV4vxUt",brons les Autochtones au pays et reconnaissons leurs cieuses contributions cultures et histoire Bonne JNACanada PNMI https co A1ngV4vxUt,"['#Autochtones', '#JNACanada', '#PNMI']",,66,44,110,['other'],[],fr,0.0,Neutral,GCAutochtones_tweeter
4,881167183203770368,2017-07-01 15:06:42,['https://t.c\xe2\x80\xa6'],"RT @Min_AANC: En cette #FêteduCanada, apprenons du passé pour aller de l’avant dans un esprit de #réconciliation et de respect. https://t.c…",RT En cette apprenons du pour aller de avant dans un esprit de conciliation et de respect https,"['#F', '#r']",,109,0,109,['other'],[],fr,0.0,Neutral,GCAutochtones_tweeter
0,925738983488757760,2017-11-01 14:59:07,[],RT @VeteransFR_CA: RT pour rendre hommage aux vétérans canadiens. Vous recevrez un rappel le 11/11 et serez ajouté à une mosaïque #Lecanada…,RT RT pour rendre hommage aux rans canadiens Vous recevrez un rappel le 11 11 et serez une que,['#Lecanada'],,2169,0,2169,['other'],[],fr,0.0,Neutral,GCC_CCG_tweeter
1,905841906961309696,2017-09-07 17:15:15,"['https://t.co/v9cd7RPfy', 'https://t.co/ym4LVhsyIh']",Notre nouveau bâteau d’intervention d’urgence sera basé à #Kitsilano pour intervenir sur les incidents maritimes. https://t.co/v9cd7RPfy9 https://t.co/ym4LVhsyIh,Notre nouveau teau intervention urgence sera Kitsilano pour intervenir sur les incidents maritimes https co v9cd7RPfy9 https co ym4LVhsyIh,['#Kitsilano'],,22,72,94,['other'],[],fr,0.0,Neutral,GCC_CCG_tweeter
2,816304863751663617,2017-01-03 15:27:00,['https://t.co/SD7\xe2\x80\xa6'],RT @canada150e: Inscrivez à votre agenda sans plus tarder les activités auxquelles vous participerez en #2017. #Canada150  https://t.co/SD7…,RT canada150e Inscrivez votre agenda sans plus tarder les auxquelles vous participerez en 2017 Canada150 https co,"['#2017', '#Canada150']",,87,0,87,['other'],[],fr,0.0,Neutral,GCC_CCG_tweeter
3,824257509737320450,2017-01-25 14:07:58,['https://t.co/0GK\xe2\x80\xa6'],RT @PMcanadien: C'est la journée #BellCause! Joignez la conversation et mettons fin aux préjugés quant à la #santémentale. https://t.co/0GK…,RT PMcanadien est la BellCause Joignez la conversation et mettons fin aux quant la mentale https co,"['#BellCause', '#sant']",,80,0,80,['other'],[],fr,0.0,Neutral,GCC_CCG_tweeter
4,864856474685779968,2017-05-17 14:53:46,[],"RT @PMcanadien: Nous soulignons aujourd’hui l’#IDAHOT – la Journée internationale contre l’homophobie, la transphobie et la biphobie https:…",RT PMcanadien Nous soulignons hui IDAHOT la internationale contre homophobie la transphobie et la biphobie https,['#IDAHOT'],,76,0,76,['other'],[],fr,0.0,Neutral,GCC_CCG_tweeter
0,885876749816475648,2017-07-14 15:00:50,['https://t.co/Rs3UAsQYNW'],Rappel : Soyez prudents près de la mine Giant. https://t.co/Rs3UAsQYNW,Rappel Soyez prudents de la mine Giant https co Rs3UAsQYNW,[],,3,1,4,['other'],[],fr,0.0,Neutral,MineGiant_tweeter
1,811254988701896704,2016-12-20 17:00:36,['https://t.co/QHh1n0qhoR'],"Le 14 déc., des élèves de #Yellowknife ont disséqué un poisson du Grand lac des Esclaves pour s’initier à la surveillance environnementale. https://t.co/QHh1n0qhoR",Le 14 des ves de Yellowknife ont un poisson du Grand lac des Esclaves pour initier la surveillance environnementale https co QHh1n0qhoR,['#Yellowknife'],,3,1,4,['other'],[],fr,0.5,Positive,MineGiant_tweeter
2,700353804882046976,2016-02-18 16:18:53,['https://t\xe2\x80\xa6'],"RT @TPSGC_PWGSC: Joignez-vous à nous à Yellowknife! Journée de l’industrie, @MineGiant, 25 févr. #industrie #NWT #YZF @AADNCanada https://t…",RT Joignez vous nous Yellowknife de industrie MineGiant 25 vr industrie NWT YZF AADNCanada https,"['#industrie', '#NWT', '#YZF']",,4,0,4,['other'],[],en,0.0,Neutral,MineGiant_tweeter
3,918536866030342146,2017-10-12 18:00:29,['https://t.co/jm8pPfgeRe'],"Mise à jour de l’évaluation des risques pour la santé humaine et l’environnement du #MineGiant. Ce soir, 19 h, au Café du Musée à #YZF. https://t.co/jm8pPfgeRe",Mise jour de valuation des risques pour la humaine et environnement du MineGiant Ce soir 19 au du YZF https co jm8pPfgeRe,"['#MineGiant', '#YZF']",,1,1,2,['other'],[],fr,0.0,Neutral,MineGiant_tweeter
4,854756610534670337,2017-04-19 18:00:31,['https://t.co/eYWrhbHS3O'],Vous voulez en savoir plus sur le PSES? Joignez-vous à le Dr Chan à 19 h le 27 avril au Café du musée à Yellowknife. https://t.co/eYWrhbHS3O,Vous voulez en savoir plus sur le PSES Joignez vous le Dr Chan 19 le 27 avril au du Yellowknife https co eYWrhbHS3O,[],,1,0,1,['other'],[],fr,0.0,Neutral,MineGiant_tweeter
0,909839192057925632,2017-09-18 17:59:02,[],RT @N_Hulot: Réunion des ministres pour l'action climatique à Montréal : se mobiliser parce que l'accord de Paris est un serment fait à nos…,RT union des ministres pour action climatique al se mobiliser parce que accord de Paris est un serment fait,[],,623,0,623,['other'],[],fr,0.1,Neutral,ministre_ec_tweeter
1,856928262655803393,2017-04-25 17:49:53,['https://t.co/Wf69x4Day'],"Dans le cadre de la stratégie de réintroduction du #bison, un bébé bison, le 1er depuis + de 140 ans, est né au @PNBanff… le #JourdelaTerre! https://t.co/Wf69x4DayU",Dans le cadre de la gie de introduction du bison un bison le 1er depuis de 140 ans est au le JourdelaTerre https co Wf69x4DayU,"['#bison', '#JourdelaTerre']",,85,260,345,['other'],[],fr,0.0,Neutral,ministre_ec_tweeter
2,931147557119635457,2017-11-16 13:10:52,[],RT @N_Hulot: Nouveaux engagements pour accélérer la lutte contre le changement climatique à #COP23 : une coalition est lancée pour laisser…,RT Nouveaux engagements pour rer la lutte contre le changement climatique COP23 une coalition est pour,['#COP23'],,325,0,325,['other'],[],fr,0.0,Neutral,ministre_ec_tweeter
3,909839217576038401,2017-09-18 17:59:08,[],RT @N_Hulot: ?? ? ?? Mobilisation générale pour le #climat avec @ministre_ec à l'ouverture de la semaine du climat à New York #CWNYC #ambit…,RT Mobilisation rale pour le climat avec ouverture de la semaine du climat New York CWNYC,"['#climat', '#CWNYC', '#ambit']",,259,0,259,['other'],[],fr,0.13636363636363635,Neutral,ministre_ec_tweeter
4,831905454443859970,2017-02-15 16:38:11,['https://t.co/DnxU5X4wmH'],RT @Europarl_FR: #CETA Le Parlement européen approuve l'accord économique et commercial global avec le Canada ???? https://t.co/DnxU5X4wmH,RT CETA Le Parlement en approuve accord conomique et commercial global avec le Canada https co DnxU5X4wmH,['#CETA'],,217,0,217,['other'],[],fr,0.0,Neutral,ministre_ec_tweeter
0,745248137435095040,2016-06-21 13:32:56,[],"RT @GCAutochtones: Aujourd'hui, célébrons et reconnaissons les contributions, cultures et l'histoire des Autochtones au pays #JNACanada htt…",RT GCAutochtones Aujourd hui brons et reconnaissons les contributions cultures et histoire des Autochtones au pays JNACanada,['#JNACanada'],,76,0,76,['other'],[],fr,0.0,Neutral,MPO_Centre_tweeter
1,877510266581389312,2017-06-21 12:55:25,[],"RT @GCAutochtones: Célébrons les #Autochtones au pays et reconnaissons leurs précieuses contributions, cultures et histoire. Bonne #JNACana…",RT GCAutochtones brons les Autochtones au pays et reconnaissons leurs cieuses contributions cultures et histoire Bonne,"['#Autochtones', '#JNACana']",,66,0,66,['other'],[],fr,0.0,Neutral,MPO_Centre_tweeter
2,750705491018407936,2016-07-06 14:58:31,[],RT @NickMurray91: Sweet time lapse of the @CCG_GCC Pierre Radisson escorting the tanker Traverstern through Frobisher Bay this week https:/…,RT NickMurray91 Sweet time lapse Pierre Radisson escorting tanker Traverstern Frobisher Bay week https,[],,60,0,60,['other'],[],en,0.35,Positive,MPO_Centre_tweeter
3,739859331173224448,2016-06-06 16:39:45,['https://t.co/gXFt\xe2\x80\xa6'],"RT @AuCanada: Aujourd'hui, souvenons-nous de ceux qui ont combattu dans la bataille de #Normandie #JourJ #nelesoubliezpas https://t.co/gXFt…",RT AuCanada Aujourd hui souvenons nous de ceux qui ont combattu dans la bataille de Normandie JourJ nelesoubliezpas https co,"['#Normandie', '#JourJ', '#nelesoubliezpas']",,43,0,43,['other'],[],fr,0.0,Neutral,MPO_Centre_tweeter
4,795706200017043456,2016-11-07 19:15:16,['https://t.co/cw2xIHG'],RT @GCAutochtones: Bonne Journée des #Inuit à tous les Inuit au Canada et de par le monde! #Inuujunga https://t.co/cw2xIHGcDc,RT GCAutochtones Bonne des Inuit tous les Inuit au Canada et de par le monde Inuujunga https co cw2xIHGcDc,"['#Inuit', '#Inuujunga']",,42,0,42,['other'],[],fr,0.0,Neutral,MPO_Centre_tweeter
0,793479133053460481,2016-11-01 15:45:42,['https://\xe2\x80\xa6'],"RT @VeteransFR_CA: Ce novembre, ajoutez un coquelicot à votre photo de profil pour rendre hommage et remercier et #nelesoubliezpas https://…",RT Ce novembre ajoutez un coquelicot votre photo de profil pour rendre hommage et remercier et nelesoubliezpas https,['#nelesoubliezpas'],,236,0,236,['other'],[],fr,0.0,Neutral,MPO_DFO_tweeter
1,896015033704087552,2017-08-11 14:26:45,"['https://t.co/NeUvr7aZQp', 'https://t.co/EU4rdYmgw']","Pour éviter la mort des baleines noires, un ralentissement temporaire est mnt requis dans le Golfe du St-Laurent https://t.co/NeUvr7aZQp https://t.co/EU4rdYmgw8",Pour viter la mort des baleines noires un ralentissement temporaire est mnt requis dans le Golfe du St Laurent https co NeUvr7aZQp https co EU4rdYmgw8,[],,48,179,227,['other'],[],fr,0.0,Neutral,MPO_DFO_tweeter
2,699245674508976128,2016-02-15 14:55:34,['https://t.co/uqrtwWRMZW'],"MPO, @GCC_CCG, @PCArcheologie, &amp; @GOVofNUNAVUT portent fièrement le #Drapeaucanadien en #Arctique https://t.co/uqrtwWRMZW",MPO PCArcheologie amp GOVofNUNAVUT portent rement le Drapeaucanadien en Arctique https co uqrtwWRMZW,"['#Drapeaucanadien', '#Arctique']",,54,153,207,['other'],[],fr,0.0,Neutral,MPO_DFO_tweeter
3,795649312382484480,2016-11-07 15:29:13,[],"RT @PMcanadien: Pour la Semaine des vétérans, rendons hommage à plus de 2.3M de Canadiens ayant servi en uniforme au fil de notre histoire.…",RT PMcanadien Pour la Semaine des rans rendons hommage plus de 3M de Canadiens ayant servi en uniforme au fil de notre histoire,[],,124,0,124,['other'],[],fr,0.0,Neutral,MPO_DFO_tweeter
4,798983294306152448,2016-11-16 20:17:16,['https://t.co/dbNbJmlgXf'],La nouvelle zone de protection marine en #Arctique du #GC a été désignée grâce aux Inuvialuit &amp; au savoir traditionnel autochtone https://t.co/dbNbJmlgXf,La nouvelle zone de protection marine en Arctique du GC ce aux Inuvialuit amp au savoir traditionnel autochtone https co dbNbJmlgXf,"['#Arctique', '#GC']",,38,72,110,['other'],[],fr,0.0,Neutral,MPO_DFO_tweeter
0,925379791993393157,2017-10-31 15:11:49,[],"RT @Femmes_Canada: Le Mois de l’#histoiredesfemmes tire à sa fin, mais l’atteinte de l’#égalitédessexes requiert des efforts quotidiens. ht…",RT Le Mois de histoiredesfemmes tire sa fin mais atteinte de dessexes requiert des efforts quotidiens,"['#histoiredesfemmes', '#']",,50,0,50,['other'],[],fr,0.0,Neutral,MPO_GCC_Quebec_tweeter
1,896070938424365058,2017-08-11 18:08:54,['https://t.co/\xe2\x80\xa6'],"RT @MPO_DFO: Pour éviter la mort des baleines noires, un ralentissement temporaire est mnt requis dans le Golfe du St-Laurent https://t.co/…",RT Pour viter la mort des baleines noires un ralentissement temporaire est mnt requis dans le Golfe du St Laurent https co,[],,48,0,48,['other'],[],fr,0.0,Neutral,MPO_GCC_Quebec_tweeter
2,712389026502852608,2016-03-22 21:22:34,['https://t.co/v0ejI7jiSq'],RT @FinancesCanada: Le #Budget2016 vise à stimuler la capacité d'?innovation et la croissance de notre économie. https://t.co/v0ejI7jiSq,RT FinancesCanada Le Budget2016 vise stimuler la innovation et la croissance de notre conomie https co v0ejI7jiSq,['#Budget2016'],,28,0,28,['other'],[],fr,0.0,Neutral,MPO_GCC_Quebec_tweeter
3,740554176137166848,2016-06-08 14:40:49,['https://t.co/TsQBZAsZ\xe2\x80\xa6'],RT @MPO_DFO: Min LeBlanc annonce la nouvelle Alliance de recherche océanique au Canada (AROC)  #JournéeMondialeOcéans https://t.co/TsQBZAsZ…,RT Min LeBlanc annonce la nouvelle Alliance de recherche anique au Canada AROC ans https co,['#Journ'],,25,0,25,['other'],[],fr,0.0,Neutral,MPO_GCC_Quebec_tweeter
4,712388073137565697,2016-03-22 21:18:46,['https://t.co/HAeJVLaLUf'],RT @FinancesCanada: Le #Budget2016 réinvestit massivement dans l'?infrastructure d?'un océan à l?'autre. https://t.co/HAeJVLaLUf,RT FinancesCanada Le Budget2016 investit massivement dans infrastructure un autre https co HAeJVLaLUf,['#Budget2016'],,24,0,24,['other'],[],fr,0.0,Neutral,MPO_GCC_Quebec_tweeter
0,863106932059631616,2017-05-12 19:01:43,['https://t.co/\xe2\x80\xa6'],RT @MPO_Science: FLASH INFO: Toute première vidéo de #Narvals utilisant leur défense pour se nourrir dans l’#Arctique #OdySci https://t.co/…,RT FLASH INFO Toute de Narvals utilisant leur fense pour se nourrir dans Arctique OdySci https co,"['#Narvals', '#Arctique', '#OdySci']",,32,0,32,['other'],[],fr,0.0,Neutral,MPO_Golfe_tweeter
1,712389075806887936,2016-03-22 21:22:45,['https://t.co/v0ejI7jiSq'],RT @FinancesCanada: Le #Budget2016 vise à stimuler la capacité d'?innovation et la croissance de notre économie. https://t.co/v0ejI7jiSq,RT FinancesCanada Le Budget2016 vise stimuler la innovation et la croissance de notre conomie https co v0ejI7jiSq,['#Budget2016'],,28,0,28,['other'],[],fr,0.0,Neutral,MPO_Golfe_tweeter
2,740600212276826112,2016-06-08 17:43:44,['https://t.co/TsQBZAsZ\xe2\x80\xa6'],RT @MPO_DFO: Min LeBlanc annonce la nouvelle Alliance de recherche océanique au Canada (AROC)  #JournéeMondialeOcéans https://t.co/TsQBZAsZ…,RT Min LeBlanc annonce la nouvelle Alliance de recherche anique au Canada AROC ans https co,['#Journ'],,25,0,25,['other'],[],fr,0.0,Neutral,MPO_Golfe_tweeter
3,712388105316274177,2016-03-22 21:18:54,['https://t.co/HAeJVLaLUf'],RT @FinancesCanada: Le #Budget2016 réinvestit massivement dans l'?infrastructure d?'un océan à l?'autre. https://t.co/HAeJVLaLUf,RT FinancesCanada Le Budget2016 investit massivement dans infrastructure un autre https co HAeJVLaLUf,['#Budget2016'],,24,0,24,['other'],[],fr,0.0,Neutral,MPO_Golfe_tweeter
4,692439364664713223,2016-01-27 20:09:44,[],"RT @Greffier_GC: Mettons fin à la stigmatisation. Donnons de l’espoir, inspirons la compassion et créons une culture d’aide. #Bellcause",RT Mettons fin la stigmatisation Donnons de espoir inspirons la compassion et ons une culture aide Bellcause,['#Bellcause'],,24,0,24,['other'],[],fr,0.0,Neutral,MPO_Golfe_tweeter
0,837697838238814208,2017-03-03 16:15:02,['https://t.co/zAsOslPySF'],RT @MPO_DFO: Les côtes du Canada sont exceptionnelles à chaque saison! Affichez votre photo préférée avec #MaRive ? https://t.co/zAsOslPySF,RT Les tes du Canada sont exceptionnelles chaque saison Affichez votre photo avec MaRive https co zAsOslPySF,['#MaRive'],,39,0,39,['other'],[],fr,0.0,Neutral,MPO_MAR_tweeter
1,712389108602163202,2016-03-22 21:22:53,['https://t.co/v0ejI7jiSq'],RT @FinancesCanada: Le #Budget2016 vise à stimuler la capacité d'?innovation et la croissance de notre économie. https://t.co/v0ejI7jiSq,RT FinancesCanada Le Budget2016 vise stimuler la innovation et la croissance de notre conomie https co v0ejI7jiSq,['#Budget2016'],,28,0,28,['other'],[],fr,0.0,Neutral,MPO_MAR_tweeter
2,872812133045743616,2017-06-08 13:46:43,"['https://t.co/7967ZJ1w5a', 'https://t.co/VLB7kaVx\xe2\x80\xa6']",RT @MPO_DFO: Joyeuse #JournéeMondialeOcéans pour tous ceux et celles qui aiment nos océans! ? https://t.co/7967ZJ1w5a https://t.co/VLB7kaVx…,RT Joyeuse ans pour tous ceux et celles qui aiment nos ans https co 7967ZJ1w5a https co,['#Journ'],,28,0,28,['other'],[],fr,0.0,Neutral,MPO_MAR_tweeter
3,740549532816146432,2016-06-08 14:22:22,['https://t.co/TsQBZAsZ\xe2\x80\xa6'],RT @MPO_DFO: Min LeBlanc annonce la nouvelle Alliance de recherche océanique au Canada (AROC)  #JournéeMondialeOcéans https://t.co/TsQBZAsZ…,RT Min LeBlanc annonce la nouvelle Alliance de recherche anique au Canada AROC ans https co,['#Journ'],,25,0,25,['other'],[],fr,0.0,Neutral,MPO_MAR_tweeter
4,685183923542974464,2016-01-07 19:39:12,['https://t.co/AQHj6SSXEv'],RT @FinancesCanada: Début des consultations prébudgétaires en ligne. Nous aimerions entendre les Canadiens #CPB16 https://t.co/AQHj6SSXEv,RT FinancesCanada des consultations taires en ligne Nous aimerions entendre les Canadiens CPB16 https co AQHj6SSXEv,['#CPB16'],,24,0,24,['other'],[],fr,0.0,Neutral,MPO_MAR_tweeter
0,702550581248917508,2016-02-24 17:48:05,['https://t.co/\xe2\x80\xa6'],"RT @JustinTrudeau: La #Jouneeduchandailrose : non à  l’intimidation et oui à la gentillesse. Retwittez en identifiant un ami:
https://t.co/…",RT JustinTrudeau La Jouneeduchandailrose non intimidation et oui la gentillesse Retwittez en identifiant un ami https co,['#Jouneeduchandailrose'],,289,0,289,['other'],[],fr,0.0,Neutral,MPO_Pacifique_tweeter
1,745379724508172288,2016-06-21 22:15:49,[],"RT @JustinTrudeau: Pour la Journ. nationale des Autochtones, honorons l’héritage et les réalisations des Autochtones au Can. #JNACanada htt…",RT JustinTrudeau Pour la Journ nationale des Autochtones honorons ritage et les alisations des Autochtones au JNACanada,['#JNACanada'],,85,0,85,['other'],[],fr,0.0,Neutral,MPO_Pacifique_tweeter
2,780532810612404224,2016-09-26 22:21:38,"['https://t.co/fOYbFnRP95', 'https://t.co/88whveqGPT']",RT @canada150e: À 100 jours de la fête! Comment allez-vous célébrer #Canada150 en 2017? https://t.co/fOYbFnRP95 https://t.co/88whveqGPT,RT canada150e 100 jours de la Comment allez vous brer Canada150 en 2017 https co fOYbFnRP95 https co 88whveqGPT,['#Canada150'],,69,0,69,['other'],[],ca,0.0,Neutral,MPO_Pacifique_tweeter
3,871751649844498433,2017-06-05 15:32:44,[],RT @PMcanadien: Le Canada est l'hôte des célébrations mondiales officielles de la #JournéeMondialeDelEnvironnement pour la 1re fois. https:…,RT PMcanadien Le Canada est te des brations mondiales officielles de la eMondialeDelEnvironnement pour la 1re fois https,['#Journ'],,51,0,51,['other'],[],fr,0.0,Neutral,MPO_Pacifique_tweeter
4,837429603446697984,2017-03-02 22:29:10,['https://t.co/zAsOslPySF'],RT @MPO_DFO: Les côtes du Canada sont exceptionnelles à chaque saison! Affichez votre photo préférée avec #MaRive ? https://t.co/zAsOslPySF,RT Les tes du Canada sont exceptionnelles chaque saison Affichez votre photo avec MaRive https co zAsOslPySF,['#MaRive'],,39,0,39,['other'],[],fr,0.0,Neutral,MPO_Pacifique_tweeter
0,913071089529520128,2017-09-27 16:01:26,[],RT @MindesSciences: La nomination de Mme Nemer comme #ConseillèreScientifiqueEnChef du ??  assure une place importante à la #science au GC…,RT MindesSciences La nomination de Mme Nemer comme reScientifiqueEnChef du assure une place importante la science au,"['#Conseill', '#science']",,92,0,92,['other'],[],fr,0.0,Neutral,MPO_Science_tweeter
1,842381397528576000,2017-03-16 14:25:50,"['https://t.co/9TZ2ePkIPI', 'https://t.co/UXyOTXWOcF']","Chaque année, nos scientifiques réalisent des projets de recherche sur &amp; sous l’eau. Apprenez-en plus :  https://t.co/9TZ2ePkIPI #SciCdn https://t.co/UXyOTXWOcF",Chaque nos scientifiques alisent des projets de recherche sur amp sous eau Apprenez en plus https co 9TZ2ePkIPI SciCdn https co UXyOTXWOcF,['#SciCdn'],,18,37,55,['other'],[],fr,0.0,Neutral,MPO_Science_tweeter
2,707225250904338433,2016-03-08 15:23:34,['https://t.co/ID0gfe7U\xe2\x80\xa6'],RT @PMcanadien: Travaillons ensemble pour faire de l’égalité une réalité. #Journéedelafemme #légalitécesttoi #JIF2016 https://t.co/ID0gfe7U…,RT PMcanadien Travaillons ensemble pour faire de une edelafemme cesttoi JIF2016 https co,"['#Journ', '#l', '#JIF2016']",,54,0,54,['other'],[],fr,0.0,Neutral,MPO_Science_tweeter
3,863012945999126530,2017-05-12 12:48:14,"['https://t.co/MEem', 'https://t.co/Y86w2fTimN']",FLASH INFO: Toute première vidéo de #Narvals utilisant leur défense pour se nourrir dans l’#Arctique #OdySci https://t.co/MEem0cd081 https://t.co/Y86w2fTimN,FLASH INFO Toute de Narvals utilisant leur fense pour se nourrir dans Arctique OdySci https co MEem0cd081 https co Y86w2fTimN,"['#Narvals', '#Arctique', '#OdySci']",,32,14,46,['other'],[],fr,0.0,Neutral,MPO_Science_tweeter
4,727206769064349697,2016-05-02 18:42:59,['https://t.co/7r49voVL\xe2\x80\xa6'],RT @PMcanadien: C’est la Semaine de la Santé mentale. #ParlezHautEtFort pour promouvoir la sensibilisation au Canada. https://t.co/7r49voVL…,RT PMcanadien est la Semaine de la mentale ParlezHautEtFort pour promouvoir la sensibilisation au Canada https co,['#ParlezHautEtFort'],,36,0,36,['other'],[],fr,0.0,Neutral,MPO_Science_tweeter
0,837369124682678273,2017-03-02 18:28:51,['https://t.co/zAsOslPySF'],RT @MPO_DFO: Les côtes du Canada sont exceptionnelles à chaque saison! Affichez votre photo préférée avec #MaRive ? https://t.co/zAsOslPySF,RT Les tes du Canada sont exceptionnelles chaque saison Affichez votre photo avec MaRive https co zAsOslPySF,['#MaRive'],,39,0,39,['other'],[],fr,0.0,Neutral,MPO_TNL_tweeter
1,863025802023231489,2017-05-12 13:39:20,['https://t.co/\xe2\x80\xa6'],RT @MPO_Science: FLASH INFO: Toute première vidéo de #Narvals utilisant leur défense pour se nourrir dans l’#Arctique #OdySci https://t.co/…,RT FLASH INFO Toute de Narvals utilisant leur fense pour se nourrir dans Arctique OdySci https co,"['#Narvals', '#Arctique', '#OdySci']",,32,0,32,['other'],[],fr,0.0,Neutral,MPO_TNL_tweeter
2,712389232409579520,2016-03-22 21:23:23,['https://t.co/v0ejI7jiSq'],RT @FinancesCanada: Le #Budget2016 vise à stimuler la capacité d'?innovation et la croissance de notre économie. https://t.co/v0ejI7jiSq,RT FinancesCanada Le Budget2016 vise stimuler la innovation et la croissance de notre conomie https co v0ejI7jiSq,['#Budget2016'],,28,0,28,['other'],[],fr,0.0,Neutral,MPO_TNL_tweeter
3,811554837372567552,2016-12-21 12:52:05,[],RT @PMcanadien: Le Plan de protection des océans annoncé par le PM Trudeau en novembre fera du Canada un chef de file en matière de sécurit…,RT PMcanadien Le Plan de protection des ans par le PM Trudeau en novembre fera du Canada un chef de file en de,[],,25,0,25,['other'],[],fr,0.0,Neutral,MPO_TNL_tweeter
4,740550618532696064,2016-06-08 14:26:40,['https://t.co/TsQBZAsZ\xe2\x80\xa6'],RT @MPO_DFO: Min LeBlanc annonce la nouvelle Alliance de recherche océanique au Canada (AROC)  #JournéeMondialeOcéans https://t.co/TsQBZAsZ…,RT Min LeBlanc annonce la nouvelle Alliance de recherche anique au Canada AROC ans https co,['#Journ'],,25,0,25,['other'],[],fr,0.0,Neutral,MPO_TNL_tweeter
0,566325673547435_591713971008605,2016-09-28 08:24:39,http://www.otc.gc.ca/plaintes-transport-aerien,"La plupart des voyages aériens se passent comme prévu, mais lorsque des problèmes surviennent entre les voyageurs et leurs lignes aériennes, nous pouvons aider.

Nous avons simplifié notre processus de plaintes :","La plupart des voyages aériens se passent comme prévu, mais lorsque des problèmes surviennent entre les voyageurs et leurs lignes aériennes, nous pouvons aider. Nous avons simplifié notre processus de plaintes :",[],1,37,4,42,['other'],[],fr,0.0,neutral,OfficeDesTransportsDuCanada_facebook
1,566325673547435_574075582772444,2016-08-21 07:29:10,https://www.facebook.com/OfficeDesTransportsDuCanada/photos/a.568957893284213.1073741828.566325673547435/574075582772444/?type=3,"Le transporteur aérien a perdu vos bagages? @#$%
 
Nous pourrions être en mesure de vous aider!
 
Visionnez notre vidéo : http://bit.ly/2a2paeU

#IlyadesJoursCommeCa #BagagesPerdus #Bagages #perdus",Le transporteur aérien a perdu vos bagages? $% Nous pourrions être en mesure de vous aider! Visionnez notre vidéo : U,"['#', '#IlyadesJoursCommeCa', '#BagagesPerdus', '#Bagages', '#perdus']",0,11,1,12,['other'],[],fr,0.0,neutral,OfficeDesTransportsDuCanada_facebook
2,566325673547435_666746923505309,2017-02-22 12:01:45,https://www.facebook.com/OfficeDesTransportsDuCanada/photos/a.568957893284213.1073741828.566325673547435/666746923505309/?type=3,"""#Astucesvoyage > 
Enregistrez-vous à l'avance
Si cette option est disponible, enregistrez-vous en ligne jusqu’à 24 heures précédant votre départ. Arrivez suffisamment tôt à l'aéroport pour vous enregistrer, enregistrer vos bagages, passer les points de contrôle et vous présenter à la porte d'embarquement à temps.
  > Prenez l'air averti > Dix conseils clés > http://ow.ly/4nk1SM""",""" > Enregistrez-vous à l'avance Si cette option est disponible, enregistrez-vous en ligne jusqu’à heures précédant votre départ. Arrivez suffisamment tôt à l'aéroport pour vous enregistrer, enregistrer vos bagages, passer les points de contrôle et vous présenter à la porte d'embarquement à temps. > Prenez l'air averti > Dix conseils clés > """,['#Astucesvoyage'],0,4,5,9,['other'],[],fr,0.0,neutral,OfficeDesTransportsDuCanada_facebook
3,566325673547435_623110011202334,2016-12-13 16:05:01,https://www.otc-cta.gc.ca/fra/questions-et-reponses-publicite-des-prix,"Réservez-vous un vol bientôt?

Les compagnies aériennes doivent afficher le prix final sur leur site Web, y compris tous les taxes, frais et droits.

Renseignez-vous ici ...","Réservez-vous un vol bientôt? Les compagnies aériennes doivent afficher le prix final sur leur site Web, y compris tous les taxes, frais et droits. Renseignez-vous ici ...",[],0,5,4,9,['other'],[],fr,0.0,neutral,OfficeDesTransportsDuCanada_facebook
4,566325673547435_576359499210719,2016-08-26 11:03:52,https://www.otc-cta.gc.ca/fra/air-averti,"Le transport aérien fait désormais partie de notre quotidien.

L’Office des transports du Canada est là pour veiller à ce que notre réseau de transport soit concurrentiel, efficace et accessible.

Pendant la saison en cours, prenez l'air averti!","Le transport aérien fait désormais partie de notre quotidien. L’Office des transports du Canada est là pour veiller à ce que notre réseau de transport soit concurrentiel, efficace et accessible. Pendant la saison en cours, prenez l'air averti!",[],0,3,4,7,['other'],[],fr,0.0,neutral,OfficeDesTransportsDuCanada_facebook
0,811947782391136256,2016-12-22 14:53:31,['https://t\xe2\x80\xa6'],RT @Transports_gc: #EnRappel: Le #pèreNoël a renouvelé sa licence de pilote professionnel! Voici ce qui s’est passé en coulisses: https://t…,RT EnRappel Le sa licence de pilote professionnel Voici ce qui est en coulisses https,"['#EnRappel', '#p']",,54,0,54,['other'],[],fr,0.0,Neutral,OTC_gc_tweeter
1,869248472758833152,2017-05-29 17:46:00,['https://t.co/Q4B6D6mZnz'],RT @GCAccessible: Célébrez la Semaine nationale de l'#accessibilité. Créons un ?? véritablement inclusif! https://t.co/Q4B6D6mZnz,RT GCAccessible brez la Semaine nationale de ons un ritablement inclusif https co Q4B6D6mZnz,['#accessibilit'],,39,0,39,['other'],[],fr,0.0,Neutral,OTC_gc_tweeter
2,869563455749181444,2017-05-30 14:37:38,['https://t.co/dtDogyl\xe2\x80\xa6'],RT @CQualtro: Merci à tous les participants de notre consultation sur l’accessibilité. Voilà ce que nous avons appris: https://t.co/dtDogyl…,RT CQualtro Merci tous les participants de notre consultation sur ce que nous avons appris https co,[],,12,0,12,['other'],[],fr,0.0,Neutral,OTC_gc_tweeter
3,862745200153722880,2017-05-11 19:04:19,[],"RT @CQualtro: Du 28 mai au 3 juin 2017, joignez-vous à moi pour promouvoir l’inclusion &amp; l’accessibilité durant la Semaine nationale de l’a…",RT CQualtro Du 28 mai au juin 2017 joignez vous moi pour promouvoir inclusion amp durant la Semaine nationale de,[],,7,0,7,['other'],[],fr,0.0,Neutral,OTC_gc_tweeter
4,928337649072566273,2017-11-08 19:05:17,['https://t.co/V6kS2pd4'],Un grand merci au @ScitechCanada de nous avoir permis de montrer le dernier crampon de rail au congrès de la @CArailsuppliers. https://t.co/V6kS2pd4D2,Un grand merci au ScitechCanada de nous avoir permis de montrer le dernier crampon de rail au de la CArailsuppliers https co V6kS2pd4D2,[],,2,5,7,['other'],[],fr,0.5,Positive,OTC_gc_tweeter
0,2017-11-14_15-33-47,2017-11-14T15:33:47,https://instagram.fyvr3-1.fna.fbcdn.net/vp/173776474a9ca2edab458c3117c40c27/5AE0957C/t51.2885-15/e35/23594683_148484345902951_5653516080799285248_n.jpg,"L’hiver est une merveilleuse saison pour elorer le parc national de Prince Albert et découvrir des pistes d’animaux qui l’habitent. Pour votre sécurité et la sécurité de la faune, veuillez garder une distance respectueuse de tout animal sauvage. : .....",hiver est une merveilleuse saison pour explorer le parc national de Prince Albert et couvrir des pistes animaux qui habitent Pour votre et la de la faune veuillez garder une distance respectueuse de tout animal sauvage thelostgirlsguide nature photographie sauvage voyage jouerdehors aventure paysage parcscanada canada150 canada explorecanada conservation PNPrinceAlbert ExploreSask hiver neige,"[""nature"",""photographie"",""sauvage"",""voyage"",""jouerdehors"",""aventure"",""paysage"",""parcscanada"",""canada150"",""canada"",""explorecanada"",""conservation"",""pnprincealbert"",""exploresask"",""hiver"",""neige""]",1,,384,385,['other'],[],fr,0.0,neutral,parcs.canada_instagram
1,2017-12-29_10-33-53,2017-12-29T10:33:53,https://instagram.fyvr3-1.fna.fbcdn.net/vp/85fcc511ee2c39735fcd5a096f55fa42/5ADF0996/t51.2885-15/e35/26263897_1139137629556061_8560944743868006400_n.jpg,Nous avons eu une année incroyable sur Instagram. Regardez les photos pour voir les DIX photos les plus POPULAIRES! ?? Merci de nous suivre et de nous mentionner sur toutes vos photos extraordinaires cette année. Nous nous réjouissons de faire partie de vos aventures et de votre . Est-ce que VOTRE photo préférée fait partie de la liste?.....,Nous avons eu une 2017 incroyable sur Instagram Regardez les photos pour voir les DIX photos les plus POPULAIRES Merci de nous suivre et de nous mentionner sur toutes vos photos extraordinaires cette Nous nous jouissons de faire partie de vos aventures et de votre Canada150 Est ce que VOTRE photo fait partie de la liste nature photographie sauvage voyage jouerdehors aventure paysage parcscanada canada150 canada explorecanada parcnational parcsnationaux,"[""canada150"",""nature"",""photographie"",""sauvage"",""voyage"",""jouerdehors"",""aventure"",""paysage"",""parcscanada"",""canada150"",""canada"",""explorecanada"",""parcnational"",""parcsnationaux""]",7,,369,376,['other'],[],fr,0.4026785714285714,positive,parcs.canada_instagram
2,2017-10-24_17-43-04,2017-10-24T17:43:04,https://instagram.fyvr3-1.fna.fbcdn.net/vp/60c4d0f51d8b33d63adb6307855c9448/5AF79ACC/t51.2885-15/e35/22710317_850412398470230_229592759617454080_n.jpg,Les couleurs vibrantes du parc national de la Mauricie sont inégalées! Planifiez votre aventure automnale aujourd’hui.  : .....,Les couleurs vibrantes du parc national de la Mauricie sont es Planifiez votre aventure automnale hui notredemeurenotrecanada focussurlamauricie explorequebec pnmauricie parcdelamauricie parcscanada canada150 parcnationaldelamauricie quebec,"[""notredemeurenotrecanada"",""focussurlamauricie"",""explorequebec"",""pnmauricie"",""parcdelamauricie"",""parcscanada"",""canada150"",""parcnationaldelamauricie"",""quebec""]",1,,344,345,['other'],[],fr,0.375,positive,parcs.canada_instagram
3,2017-12-05_16-04-42,2017-12-05T16:04:42,https://instagram.fyvr3-1.fna.fbcdn.net/vp/6c96788ceef5fe5a50d553d2509c365c/5AFC9A1E/t51.2885-15/e35/24127052_1941211966198145_346113478601211904_n.jpg,L’hiver est arrivé au parc national du Mont-Riding et c’est le moment idéal pour observer la faune!  : .ca.....,hiver est au parc national du Mont Riding et est le moment al pour observer la faune mfkphotography ca nature photographie sauvage voyage jouerdehors aventure paysage parcscanada canada150 canada explorecanada conservation PNMR PNMontRiding ExploreMB MontRiding parcnational parcsnationaux tourisme Manitoba,"[""nature"",""photographie"",""sauvage"",""voyage"",""jouerdehors"",""aventure"",""paysage"",""parcscanada"",""canada150"",""canada"",""explorecanada"",""conservation"",""pnmr"",""pnmontriding"",""exploremb"",""montriding"",""parcnational"",""parcsnationaux"",""tourisme"",""manitoba""]",5,,339,344,['other'],[],fr,0.009999999999999998,positive,parcs.canada_instagram
4,2017-07-21_16-13-49,2017-07-21T16:13:49,https://instagram.fyvr3-1.fna.fbcdn.net/vp/890167de4de90c132985325d3f0bcc5f/5ADBCE9D/t51.2885-15/e35/20181141_794867914018910_2724109185313669120_n.jpg,"Quoi de plus exaltant que cette vue imprenable? Avec ses eaux bleues et ses forêts luxuriantes, le parc national Forillon est un joyau canadien à ne pas manquer! : .....",Quoi de plus exaltant que cette vue imprenable Avec ses eaux bleues et ses luxuriantes le parc national Forillon est un joyau canadien ne pas manquer nicktweel quebecoriginal quebec quebecregion explorequebec explorecanada happycanadaday ohcanada photographie sauvage voyage jouerdehors aventure paysage conservation vieactive,"[""quebecoriginal"",""quebec"",""quebecregion"",""explorequebec"",""explorecanada"",""happycanadaday"",""ohcanada"",""nature"",""photographie"",""sauvage"",""voyage"",""jouerdehors"",""aventure"",""paysage"",""conservation"",""vieactive""]",3,,310,313,['other'],[],fr,0.3333333333333333,positive,parcs.canada_instagram
0,134615279898518_1680084978684866,2017-04-04 19:00:00,https://www.facebook.com/ParcsCanada/videos/1680084978684866/,"Vous avez probablement entendu parler de notre concours Découvrez le Canada, mais vous n’avez peut-être pas réalisé à quel point le grand prix est sensass! Ce voyage inoubliable au parc national du Gros-Morne et au lieu historique national de l’Anse aux Meadows à Terre-Neuve-et-Labrador pourrait être le vôtre! Taguez vos compagnons d’aventure et assurez-vous que tous participent au concours pour augmenter vos chances! #ConcoursParcs

http://www.concoursparcscanada.ca/decouvrezcanada/allez","Vous avez probablement entendu parler de notre concours Découvrez le Canada, mais vous n’avez peut-être pas réalisé à quel point le grand prix est sensass! Ce voyage inoubliable au parc national du Gros-Morne et au lieu historique national de l’Anse aux Meadows à Terre-Neuve-et-Labrador pourrait être le vôtre! Taguez vos compagnons d’aventure et assurez-vous que tous participent au concours pour augmenter vos chances!",['#ConcoursParcs'],3298,764,1182,5393,['other'],[],fr,0.0,neutral,ParcsCanada_facebook
1,134615279898518_1383127108380656,2016-07-04 06:05:00,https://www.facebook.com/ParcsCanada/videos/1383127108380656/,"Revivez les souvenirs d'enfance d'Oliver Jones, légende du #jazz de #Montréal, au canal de Lachine! 

Regardez la #vidéo complète ici : https://youtu.be/yqbOFyd2pSo","Revivez les souvenirs d'enfance d'Oliver Jones, légende du de éal, au canal de Lachine! Regardez la éo complète ici :","['#jazz', '#Montr', '#vid']",47,669,1220,2093,['other'],[],fr,0.0,neutral,ParcsCanada_facebook
2,134615279898518_1809467599079936,2017-07-25 10:50:00,https://www.facebook.com/ParcsCanada/photos/a.281154578577920.88091.134615279898518/1809466192413410/?type=3,"Vous êtes en train de lire ce message sur votre cellulaire? Vite! Téléchargez notre nouvelle appli pour accéder à des histoires captivantes, des conseils d’initiés et tout un assortiment de fonctionnalités délirantes.","Vous êtes en train de lire ce message sur votre cellulaire? Vite! Téléchargez notre nouvelle appli pour accéder à des histoires captivantes, des conseils d’initiés et tout un assortiment de fonctionnalités délirantes.",[],8,8,678,704,['other'],[],fr,0.0,neutral,ParcsCanada_facebook
3,134615279898518_1856278807732148,2017-09-08 13:48:35,https://www.facebook.com/ParcsCanada/videos/1856278807732148/,"Appel à toutes les classes de 1re, 2e et 3e secondaire/7e, 8e et 9e années!!
Avez-vous envie de relever un nouveau défi? Aimez-vous la nature, l’histoire, la culture et la découverte de nouveaux endroits? Cette année, vous pourriez gagner un INCROYABLE voyage dans des sites de Parcs Canada! Nous sommes emballés d'annoncer le concours 2017-2018 La sortie scolaire la plus cool au Canada! Pour en savoir plus : http://concours.monpasseportparcs.ca/  Canadian Geographic EducationFédération canadienne de la faune Historica Canada","Appel à toutes les classes de re, e et e secondaire/7e, e et e années!! Avez-vous envie de relever un nouveau défi? Aimez-vous la nature, l’histoire, la culture et la découverte de nouveaux endroits? Cette année, vous pourriez gagner un INCROYABLE voyage dans des sites de Parcs Canada! Nous sommes emballés d'annoncer le concours -2018 La sortie scolaire la plus cool au Canada! Pour en savoir plus : Canadian Geographic EducationFédération canadienne de la faune Historica Canada",[],41,456,172,687,['other'],[],fr,0.0,neutral,ParcsCanada_facebook
4,134615279898518_1810913148935381,2017-07-26 14:45:00,https://www.facebook.com/ParcsCanada/photos/a.281154578577920.88091.134615279898518/1810913148935381/?type=3,"Vous souhaitez profiter de l'entrée gratuite à l'occasion du #Canada150? Certains endroits populaires seront plus fréquentés qu'à l'habitude. Si vous planifiez un voyage au parc national Banff ou au parc national des Lacs-Waterton, planifiez à l'avance et utilisez nos outils de planification de voyage. Vous trouverez des conseils sur nos trésors cachés, les endroits congestionnés à éviter, et les meilleurs moments pour nous visiter, afin que vous puissiez profiter pleinement de votre expérience.

Parc national Banff : http://ow.ly/hYVP30dygN8
Parc national des Lacs-Waterton : http://ow.ly/YplC30dygOL","Vous souhaitez profiter de l'entrée gratuite à l'occasion du ? Certains endroits populaires seront plus fréquentés qu'à l'habitude. Si vous planifiez un voyage au parc national Banff ou au parc national des Lacs-Waterton, planifiez à l'avance et utilisez nos outils de planification de voyage. Vous trouverez des conseils sur nos trésors cachés, les endroits congestionnés à éviter, et les meilleurs moments pour nous visiter, afin que vous puissiez profiter pleinement de votre eérience. Parc national Banff : 8 Parc national des Lacs-Waterton :",['#Canada150'],15,53,524,616,['other'],[],fr,0.0,neutral,ParcsCanada_facebook
0,946472147115036677,2017-12-28 20:05:19,['https://t.co/QaKcZTXdg'],Un gros merci ? de l’incroyable année #Canada150 de la part de tout le réseau de #ParcsCanada. https://t.co/QaKcZTXdg9,Un gros merci de incroyable Canada150 de la part de tout le seau de ParcsCanada https co QaKcZTXdg9,"['#Canada150', '#ParcsCanada']",,82,260,342,['other'],[],ca,0.0,Neutral,ParcsCanada_tweeter
1,830416468185587712,2017-02-11 14:01:29,"['https://t.co/DYwz9KHh95', 'https://t.co/xhhXcvpMSs']",Envie de découvrir les sites de #ParcsCanada? N’oubliez pas de commander votre carte d’entrée Découverte #GRATUITE! https://t.co/DYwz9KHh95 https://t.co/xhhXcvpMSs,Envie de couvrir les sites de ParcsCanada oubliez pas de commander votre carte couverte GRATUITE https co DYwz9KHh95 https co xhhXcvpMSs,"['#ParcsCanada', '#GRATUITE']",,107,180,287,['other'],[],fr,0.0,Neutral,ParcsCanada_tweeter
2,785488918368124929,2016-10-10 14:35:26,['https://t.co/tAY03UMNI'],Joyeuse #Actiondegrâce! Admirez les couleurs automnales dans l’un de nos parcs ou lieux historiques nationaux. https://t.co/tAY03UMNIc,Joyeuse ce Admirez les couleurs automnales dans un de nos parcs ou lieux historiques nationaux https co tAY03UMNIc,['#Actiondegr'],,78,168,246,['other'],[],fr,0.0,Neutral,ParcsCanada_tweeter
3,895727338335424512,2017-08-10 19:23:33,"['https://t.co/GodnVHPA3A', 'https://t.co/xKSniBY6H']",Le parc national Qausuittuq est officiellement ouvert! C'est un archipel d'îles dans l'Extrême-Arctique : https://t.co/GodnVHPA3A #Nunavut https://t.co/xKSniBY6HU,Le parc national Qausuittuq est officiellement ouvert est un archipel les dans Arctique https co GodnVHPA3A Nunavut https co xKSniBY6HU,['#Nunavut'],,50,145,195,['other'],[],fr,0.0,Neutral,ParcsCanada_tweeter
4,929115952972787712,2017-11-10 22:37:59,[],"RT @PMcanadien: Une pluie de 117 000 coquelicots, un pour chaque Canadien mort au combat, tombe sur l’édifice du Centre à Ottawa. #LeCanada…",RT PMcanadien Une pluie de 117 000 coquelicots un pour chaque Canadien mort au combat tombe sur difice du Centre Ottawa,['#LeCanada'],,140,0,140,['other'],[],fr,0.0,Neutral,ParcsCanada_tweeter
0,1498541586883867_1564426720295353,2017-07-25 14:57:34,https://www.facebook.com/PechesOceansCanada/videos/1564426720295353/,"Effectuez une visite virtuelle de notre Institut Maurice-Lamontagne, le seul centre de recherche francophone de Pêches et Océans Canada. Tout ce qui s’y passe a pour but de faire avancer les sciences en eau douce et marine. 
Notre vidéo vous a plu et vous a donné le goût d'approfondir votre visite en vous rendant sur place à Mont-Joli (Québec)? Ça tombe bien : cet été, dans le cadre de son 30e anniversaire, l'Institut est ouvert au public du lundi au vendredi, de 9 h à 16 h. Réservez tout de suite votre place pour une de nos visites guidées gratuites en composant le 418-775-0500.","Effectuez une visite virtuelle de notre Institut Maurice-Lamontagne, le seul centre de recherche francophone de Pêches et Océans Canada. Tout ce qui s’y passe a pour but de faire avancer les sciences en eau douce et marine. Notre vidéo vous a plu et vous a donné le goût d'approfondir votre visite en vous rendant sur place à Mont-Joli (Québec)? Ça tombe bien : cet été, dans le cadre de son e anniversaire, l'Institut est ouvert au public du lundi au vendredi, de h à h. Réservez tout de suite votre place pour une de nos visites guidées gratuites en composant le -775-0500.",[],15,241,85,345,['other'],[],fr,0.14951692708333333,positive,PechesOceansCanada_facebook
1,1498541586883867_1620048651399826,2017-09-12 13:48:42,https://www.facebook.com/PechesOceansCanada/photos/a.1539239129480779.1073741828.1498541586883867/1620048651399826/?type=3,"La Cour suprême du Canada a conclu que les Autochtones disposent d'un droit ancestral de pratiquer la pêche à des fins alimentaires, sociales et rituelles. Cependant, il est interdit d'acheter, de vendre, d'échanger, de troquer, d'offrir d'acheter ou d'offrir pour la vente, l'échange ou le troc des ressources halieutiques autochtones pêchées à des fins alimentaires, sociales et rituelles. Les agents des pêches mèneront des enquêtes sur tous les incidents connus ou soupçonnés de personnes participant à la vente illégale de poissons, et ont les pouvoirs nécessaires en vertu de la Loi sur les pêches de remettre des amendes ou de poursuivre les contrevenants.","La Cour suprême du Canada a conclu que les Autochtones disposent d'un droit ancestral de pratiquer la pêche à des fins alimentaires, sociales et rituelles. Cependant, il est interdit d'acheter, de vendre, d'échanger, de troquer, d'offrir d'acheter ou d'offrir pour la vente, l'échange ou le troc des ressources halieutiques autochtones pêchées à des fins alimentaires, sociales et rituelles. Les agents des pêches mèneront des enquêtes sur tous les incidents connus ou soupçonnés de personnes participant à la vente illégale de poissons, et ont les pouvoirs nécessaires en vertu de la Loi sur les pêches de remettre des amendes ou de poursuivre les contrevenants.",[],24,147,57,238,['other'],[],fr,0.0654913703762755,positive,PechesOceansCanada_facebook
2,1498541586883867_1558943824176976,2017-07-21 08:42:23,https://www.facebook.com/PechesOceansCanada/videos/1558943824176976/,"Les premières semaines de vie des bélugas sont des moments charnières dans l’établissement du lien mère-veau. Puisque les cris du nouveau-né sont encore très faibles, la mère peut facilement perdre son bébé s’ils s’éloignent trop l’un de l’autre. D’où l’importance de réduire les dérangements.
En présence de bélugas, gardez vos distances. #Beluga400m
Pour en savoir plus sur les bonnes pratiques de navigation en présence de bélugas : http://ow.ly/J6ZP30dMQVM 
Et sur la réglementation spécifique à l’intérieur des limites du parc marin du Saguenay Saint-Laurent : http://ow.ly/WRnj30dMQZH","Les premières semaines de vie des bélugas sont des moments charnières dans l’établissement du lien mère-veau. Puisque les cris du nouveau-né sont encore très faibles, la mère peut facilement perdre son bébé s’ils s’éloignent trop l’un de l’autre. D’où l’importance de réduire les dérangements. En présence de bélugas, gardez vos distances. Pour en savoir plus sur les bonnes pratiques de navigation en présence de bélugas : Et sur la réglementation spécifique à l’intérieur des limites du parc marin du Saguenay Saint-Laurent :",['#Beluga400m'],2,150,17,171,['other'],[],fr,0.29296875,positive,PechesOceansCanada_facebook
3,1498541586883867_1686639068074117,2017-11-08 10:19:50,https://www.facebook.com/PechesOceansCanada/photos/a.1686628891408468.1073741866.1498541586883867/1686639068074117/?type=3,"Incroyable tout ce qu’on peut voir quand on regarde sous la surface ! Dans le cadre du relevé annuel d’été à bord du CCGS Alfred Needler de la Garde côtière canadienne, nos scientifiques ont exploré les eaux profondes du plateau néo-écossais au large de la côte de la Nouvelle-Écosse. Bien que  l’échantillonnage de la vie marine en profondeur demande beaucoup de patience – les câbles de 3 000 mètres peuvent prendre jusqu’à une heure à atteindre le fond – mais les espèces inhabituelles qu’on y retrouve en valent la peine. Plus d’info sur les relevés multi-espèces au chalut de fond ici : http://ow.ly/47jo30grkSA","Incroyable tout ce qu’on peut voir quand on regarde sous la surface ! Dans le cadre du relevé annuel d’été à bord du CCGS Alfred Needler de la Garde côtière canadienne, nos scientifiques ont eloré les eaux profondes du plateau néo-écossais au large de la côte de la Nouvelle-Écosse. Bien que l’échantillonnage de la vie marine en profondeur demande beaucoup de patience – les câbles de mètres peuvent prendre jusqu’à une heure à atteindre le fond – mais les espèces inhabituelles qu’on y retrouve en valent la peine. Plus d’info sur les relevés multi-espèces au chalut de fond ici :",[],12,48,50,119,['other'],[],fr,0.1025,positive,PechesOceansCanada_facebook
4,1498541586883867_1565428706861821,2017-07-26 11:00:40,https://www.facebook.com/PechesOceansCanada/photos/a.1539239129480779.1073741828.1498541586883867/1565428706861821/?type=3,"Vous naviguez dans l’estuaire du Saint-Laurent?
Vous croiserez peut-être les patrouilles conjointes du parc marin du Saguenay–St-Laurent et de Pêches et Océans Canada. Au cours des prochains jours, nos agents sensibiliseront les plaisanciers au dérangement des bélugas.
Si vous apercevez un béluga: Gardez vos distances, ralentissez, éloignez-vous à plus de 400 mètres. #Beluga400m
Bonnes pratiques de navigation en présence de bélugas: http://ow.ly/FrqP30dUg36 
Règlement applicable dans le parc marin du Saguenay–St-Laurent: http://ow.ly/bdNm30dUg6A 
Au plaisir de vous rencontrer!","Vous naviguez dans l’estuaire du Saint-Laurent? Vous croiserez peut-être les patrouilles conjointes du parc marin du Saguenay–St-Laurent et de Pêches et Océans Canada. Au cours des prochains jours, nos agents sensibiliseront les plaisanciers au dérangement des bélugas. Si vous apercevez un béluga: Gardez vos distances, ralentissez, éloignez-vous à plus de mètres. Bonnes pratiques de navigation en présence de bélugas: Règlement applicable dans le parc marin du Saguenay–St-Laurent: Au plaisir de vous rencontrer!",['#Beluga400m'],12,47,46,106,['other'],[],fr,0.21267361111111108,positive,PechesOceansCanada_facebook
0,485734081568161_685291394945761,2016-02-23 11:45:32,https://www.facebook.com/QuestionsdargentCanada/photos/a.534106823397553.1073741828.485734081568161/685291394945761/?type=3,"ALERTE À LA FRAUDE: Prenez garde aux fraudeurs qui prétendent être de l'Agence du revenu du Canada (ARC). 

Dans ce type d'arnaque, le numéro affiché semble indiquer que l'appel provient de l'ARC. Les fraudeurs affirment que vous avez une dette fiscale et demandent un paiement immédiat par virement d'argent qu'il vous sera impossible de retracer ou par carte de crédit prépayée. Ils vous menacent aussi d'arrestation ou d'emprisonnement si vous ne le faites pas sans tarder.

Soyez toujours vigilant lorsque vous divulguez vos renseignements personnels ou financiers. Voici quelques points de repère pour détecter si l'appel vient vraiment de l'ARC: http://ow.ly/YExzg","ALERTE À LA FRAUDE: Prenez garde aux fraudeurs qui prétendent être de l'Agence du revenu du Canada (ARC). Dans ce type d'arnaque, le numéro affiché semble indiquer que l'appel provient de l'ARC. Les fraudeurs affirment que vous avez une dette fiscale et demandent un paiement immédiat par virement d'argent qu'il vous sera impossible de retracer ou par carte de crédit prépayée. Ils vous menacent aussi d'arrestation ou d'emprisonnement si vous ne le faites pas sans tarder. Soyez toujours vigilant lorsque vous divulguez vos renseignements personnels ou financiers. Voici quelques points de repère pour détecter si l'appel vient vraiment de l'ARC:",[],9,746,74,829,['other'],[],fr,0.06650000000000003,positive,QuestionsdargentCanada_facebook
1,485734081568161_688131747995059,2016-03-01 09:02:38,https://www.facebook.com/QuestionsdargentCanada/photos/a.534106823397553.1073741828.485734081568161/688131747995059/?type=3,"DÈS AUJOURD'HUI! Les Canadiens peuvent s'abonner à un forfait de télé de base qui ne coûte pas plus de 25 $ par mois. À compter du 1er mars, les entreprises de diffusion par câble ou par satellite doivent également offrir SOIT des services À LA CARTE sur une base individuelle OU de petits forfaits allant jusqu'à 10 canaux. Renseignez-vous auprès de votre fournisseur local : http://ow.ly/YT5S4","DÈS AUJOURD'HUI! Les Canadiens peuvent s'abonner à un forfait de télé de base qui ne coûte pas plus de $ par mois. À compter du er mars, les entreprises de diffusion par câble ou par satellite doivent également offrir SOIT des services À LA CARTE sur une base individuelle OU de petits forfaits allant jusqu'à canaux. Renseignez-vous auprès de votre fournisseur local :",[],13,243,78,337,['other'],[],fr,0.06109570312500001,positive,QuestionsdargentCanada_facebook
2,485734081568161_676778492463718,2016-02-02 11:46:01,http://ow.ly/XNDoF,"À compter de mars 2016, les entreprises canadiennes de câblodistribution et de télévision devront offrir un service d’entrée de gamme à prix abordable dont le tarif mensuel ne doit pas dépasser 25 $. Le #saviezvous?

Avec ce nouveau service d’entrée de gamme, les Canadiens auront accès, à un coût raisonnable, aux canaux canadiens locaux et régionaux. Renseignez-vous sur les changements qui découlent de la consultation Parlons télé du CRTC: http://ow.ly/XNDoF","À compter de mars , les entreprises canadiennes de câblodistribution et de télévision devront offrir un service d’entrée de gamme à prix abordable dont le tarif mensuel ne doit pas dépasser $. Le ? Avec ce nouveau service d’entrée de gamme, les Canadiens auront accès, à un coût raisonnable, aux canaux canadiens locaux et régionaux. Renseignez-vous sur les changements qui découlent de la consultation Parlons télé du CRTC:",['#saviezvous'],13,141,94,248,['other'],[],fr,0.06526315789473684,positive,QuestionsdargentCanada_facebook
3,485734081568161_726632987478268,2016-05-16 17:45:30,http://ow.ly/clRG300b3nw,"Saviez-vous qu’il est possible de recevoir jusqu’à 2000 $ pour le régime enregistré d’épargne-études de votre enfant, SANS avoir à investir VOTRE PROPRE ARGENT?

Le Bon d’études canadien est une somme que le gouvernement du Canada dépose dans le REEE d’un enfant pour aider ses parents à commencer à épargner pour ses études postsecondaires. Pour en savoir davantage: http://ow.ly/clRG300b3nw","Saviez-vous qu’il est possible de recevoir jusqu’à $ pour le régime enregistré d’épargne-études de votre enfant, SANS avoir à investir VOTRE PROPRE ARGENT? Le Bon d’études canadien est une somme que le gouvernement du Canada dépose dans le REEE d’un enfant pour aider ses parents à commencer à épargner pour ses études postsecondaires. Pour en savoir davantage:",[],6,131,29,169,['other'],[],fr,0.08291232638888889,positive,QuestionsdargentCanada_facebook
4,485734081568161_674594319348802,2016-01-28 11:46:07,http://ow.ly/Xvpi5,"Les frais de garde d’enfants grugent une bonne partie de votre revenu? #Saviezvous que vous pouvez les déduire de vos impôts?

Pour l’exercice fiscal 2015, vous pouvez réclamer jusqu’à 8 000 $ pour les frais de garde d’enfants qui sont âgés de 6 ans ou moins à la fin de l’exercice. Pour les enfants de plus de 6 ans et de moins de 16 ans, vous pouvez réclamer 5 000 $ annuellement. Renseignez-vous : http://ow.ly/Xvpi5","Les frais de garde d’enfants grugent une bonne partie de votre revenu? que vous pouvez les déduire de vos impôts? Pour l’exercice fiscal , vous pouvez réclamer jusqu’à $ pour les frais de garde d’enfants qui sont âgés de ans ou moins à la fin de l’exercice. Pour les enfants de plus de ans et de moins de ans, vous pouvez réclamer $ annuellement. Renseignez-vous :",['#Saviezvous'],8,114,36,158,['other'],[],fr,0.11044999999999998,positive,QuestionsdargentCanada_facebook
0,2016-12-21_13-09-17,2016-12-21T13:09:17,https://instagram.fyvr3-1.fna.fbcdn.net/vp/358d3215b266f2c5906a5439ca6e3d01/5AF02C06/t51.2885-15/e35/15403563_719813221516907_4819298445388939264_n.jpg,"Faute de route, d’autres moyens de transport amènent les scientifiques à leur travail de terrain ère",Faute de route autres moyens de transport nent les scientifiques leur travail de terrain ScienceArctique CartesPostales arctique nord recherche canada science,"[""sciencearctique"",""cartespostales"",""arctique"",""nord"",""recherche"",""helicoptère"",""canada"",""science""]",6,,41,47,['other'],[],fr,0.16666666666666666,positive,ressourcenaturellescanada_instagram
1,2016-12-22_11-47-34,2016-12-22T11:47:34,https://instagram.fyvr3-1.fna.fbcdn.net/vp/1313f71db27633b40a6c76b2f3cd203d/5AE7503A/t51.2885-15/e35/15623917_376040972745821_9207141527241883648_n.jpg,"Le sol gelé du Nord canadien, appelé pergélisol, est en train de se réchauffer, ce qui peut causer l’effondrement du terrain et l’endommagement des bâtiments, des routes et autres infrastructures. ésilienceauclimat",Le sol du Nord canadien lisol est en train de se chauffer ce qui peut causer effondrement du terrain et endommagement des timents des routes et autres infrastructures changementclimatique adaptation climat science environnement innovation adaptationauclimat plusvousensavez scienceduclimat silienceauclimat nord Arctique ArctiqueCanadien,"[""changementclimatique"",""adaptation"",""climat"",""science"",""environnement"",""innovation"",""adaptationauclimat"",""plusvousensavez"",""scienceduclimat"",""résilienceauclimat"",""nord"",""arctique"",""arctiquecanadien""]",3,,40,43,['other'],[],fr,0.0,neutral,ressourcenaturellescanada_instagram
2,2016-12-28_07-57-29,2016-12-28T07:57:29,https://instagram.fyvr3-1.fna.fbcdn.net/vp/32ece9ad9f7b87fb3127bddad4e3b34b/5AE84EA0/t51.2885-15/e35/15801888_357059601334617_6972564012722552832_n.jpg,"Avis à tous les photographes! Nous cherchons des photos d’aventures scientifiques dans le canadien. Soumettez les vôtres sur le site Web . Sur cette photo de , nous chargeons un avion de matériel de terrain et de carburant au bord du lac Hazen.",Avis tous les photographes Nous cherchons des photos aventures scientifiques dans le Nord canadien Soumettez les tres sur le site Web CanGeo Sur cette photo de ScienceArctique nous chargeons un avion de riel de terrain et de carburant au bord du lac Hazen Arctique science nord avion Canada glace paysage bagages,"[""nord"",""sciencearctique"",""arctique"",""science"",""nord"",""avion"",""canada"",""glace"",""paysage"",""bagages""]",5,,37,42,['other'],[],fr,0.0,neutral,ressourcenaturellescanada_instagram
3,2017-01-10_06-07-18,2017-01-10T06:07:18,https://instagram.fyvr3-1.fna.fbcdn.net/vp/73bacecf72f1683fd6e6bf75f655344d/5AFD10B3/t51.2885-15/e35/15802459_372615619778308_2419460875766202368_n.jpg,"Pouvez-vous trouver notre technicien de RNCan? Sébastien Dagnault, technicien en productivité forestière au Service canadien des forêts, procède à la récolte d’aiguilles pour modéliser les impacts des centrales au charbon dans l’Ouest canadien, dans le cadre de travaux réalisés en collaboration avec la Commission géologique du Canada êts éographie",Pouvez vous trouver notre technicien de RNCan bastien Dagnault technicien en au Service canadien des de la colte aiguilles pour liser les impacts des centrales au charbon dans Ouest canadien dans le cadre de travaux en collaboration avec la Commission ologique du Canada travail arbres ographie canada impact enhaut,"[""forêts"",""travail"",""arbres"",""géographie"",""canada"",""impact"",""enhaut""]",4,,38,42,['other'],[],fr,0.125,positive,ressourcenaturellescanada_instagram
4,2016-12-29_08-16-56,2016-12-29T08:16:56,https://instagram.fyvr3-1.fna.fbcdn.net/vp/3ee1e8bf813d0e25db5c38f2c021c829/5AFE6E54/t51.2885-15/e35/15539092_231365497273931_8777347981041991680_n.jpg,"Brise-glace, camp de glace, sous-marin autonome, nos scientifiques affrontent l’un des milieux les plus hostiles sur Terre",Brise glace camp de glace sous marin autonome nos scientifiques affrontent un des milieux les plus hostiles sur Terre ScienceArctique SousMarin Camp Scientist,"[""sciencearctique"",""sousmarin"",""camp"",""scientist""]",3,,34,37,['other'],[],fr,0.16666666666666666,positive,ressourcenaturellescanada_instagram
0,928689911993110528,2017-11-09 18:25:03,[],RT @VeteransFR_CA: RT pour rendre hommage aux vétérans canadiens. Vous recevrez un rappel le 11/11 et serez ajouté à une mosaïque #Lecanada…,RT RT pour rendre hommage aux rans canadiens Vous recevrez un rappel le 11 11 et serez une que,['#Lecanada'],,2169,0,2169,['other'],[],fr,0.0,Neutral,RNCan_tweeter
1,902587367462236160,2017-08-29 17:42:52,"['https://t.co/U3tTGAoKkw', 'https://t.co/2ddH7eTwuh']",Le changement climatique vous tient à cœur? Aidez-nous à définir notre avenir énergétique! https://t.co/U3tTGAoKkw  #GénÉnergie https://t.co/2ddH7eTwuh,Le changement climatique vous tient ur Aidez nous finir notre avenir tique https co U3tTGAoKkw nergie https co 2ddH7eTwuh,['#G'],,56,68,124,['other'],[],fr,0.0,Neutral,RNCan_tweeter
2,899702457021984769,2017-08-21 18:39:16,"['https://t.co/ymXJGMc3vg', 'https://t.co/f6FRMnGzoQ']",Le changement climatique vous tient à cœur? Aidez-nous à définir notre avenir énergétique! https://t.co/ymXJGMc3vg #GénÉnergie https://t.co/f6FRMnGzoQ,Le changement climatique vous tient ur Aidez nous finir notre avenir tique https co ymXJGMc3vg nergie https co f6FRMnGzoQ,['#G'],,41,69,110,['other'],[],fr,0.0,Neutral,RNCan_tweeter
3,881145186969161728,2017-07-01 13:39:18,['https://t.co/Tk7SyvNZ6q'],RT @PMcanadien: Le PM invite les Canadiens à célébrer le 150e anniversaire de la Confédération canadienne. https://t.co/Tk7SyvNZ6q #FeteDuC…,RT PMcanadien Le PM invite les Canadiens brer le 150e anniversaire de la ration canadienne https co Tk7SyvNZ6q,['#FeteDuC'],,101,0,101,['other'],[],fr,0.0,Neutral,RNCan_tweeter
4,918116142400622594,2017-10-11 14:08:40,['https://t.co/OnpO9Lxadv'],RT @PMcanadien: Chaque fille a la capacité de changer notre monde et le droit d’atteindre son plein potentiel: https://t.co/OnpO9Lxadv #Jou…,RT PMcanadien Chaque fille la de changer notre monde et le droit atteindre son plein potentiel https co OnpO9Lxadv,['#Jou'],,86,0,86,['other'],[],fr,0.0,Neutral,RNCan_tweeter
0,377625007887_10155816151902888,2017-10-25 19:00:37,https://www.facebook.com/TransportsetInfrastructureauCanada/photos/a.10151491514147888.1073741825.377625007887/10155816151902888/?type=3,Rappel : Camions Ford. De l’eau pourrait s’infiltrer par le verrou et faire ouvrir la portière pendant que le véhicule est en mouvement. http://ow.ly/NlbW30g7sKg,Rappel : Camions Ford. De l’eau pourrait s’infiltrer par le verrou et faire ouvrir la portière pendant que le véhicule est en mouvement.,[],635,1724,53,2467,['other'],[],fr,0.02517360187271724,positive,TransportsetInfrastructureauCanada_facebook
1,377625007887_10154161941817888,2016-04-26 19:00:41,https://www.facebook.com/TransportsetInfrastructureauCanada/photos/a.10151491514147888.1073741825.377625007887/10154161941817888/?type=3,Avis aux consommateurs : La vis de fixation du mécanisme de réglage avant central pour certains sièges d’auto Evenflo 2013-2015 pourrait devoir être remplacée. http://www.tc.gc.ca/c3gby,Avis aux consommateurs : La vis de fixation du mécanisme de réglage avant central pour certains sièges d’auto Evenflo -2015 pourrait devoir être remplacée.,[],257,2003,33,2296,['other'],[],fr,0.0,neutral,TransportsetInfrastructureauCanada_facebook
2,377625007887_10155965912767888,2017-12-21 18:01:04,https://www.facebook.com/TransportsetInfrastructureauCanada/photos/a.10151491514147888.1073741825.377625007887/10155965912767888/?type=3,Rappel : VTT Bombardier avec direction assistée dynamique. L’arbre de direction pourrait se briser et provoquer une perte de contrôle. Les propriétaires ne devraient pas conduire leur VTT à moins que la réparation provisoire ait été effectuée. http://ow.ly/AqDW30hn5t4,Rappel : VTT Bombardier avec direction assistée dynamique. L’arbre de direction pourrait se briser et provoquer une perte de contrôle. Les propriétaires ne devraient pas conduire leur VTT à moins que la réparation provisoire ait été effectuée.,[],57,780,18,856,['other'],[],fr,0.05018322172619048,positive,TransportsetInfrastructureauCanada_facebook
3,377625007887_10154478330087888,2016-08-24 15:00:59,https://www.facebook.com/TransportsetInfrastructureauCanada/photos/a.10153795896582888.1073741830.377625007887/10154478330087888/?type=3,Rappel : Roulottes Keystone Bullet et Passport 2011-2017. Court-circuit possible dans le câblage du climatiseur. http://www.tc.gc.ca/jn1bv,Rappel : Roulottes Keystone Bullet et Passport -2017. Court-circuit possible dans le câblage du climatiseur.,[],25,580,9,615,['other'],[],fr,0.0,neutral,TransportsetInfrastructureauCanada_facebook
4,377625007887_10154287081602888,2016-06-16 18:42:24,https://www.facebook.com/TransportsetInfrastructureauCanada/videos/10154287081602888/,,,[],249,27,221,529,['other'],[],tl,0.0,neutral,TransportsetInfrastructureauCanada_facebook
0,882296818830331905,2017-07-04 17:55:28,['https://t.co/CsuOPQAmHw'],Le fonds national des corridors commerciaux de 2 G$ renforcera le commerce ??et la résilience du réseau de transport ??#CorridorsDeCommerce https://t.co/CsuOPQAmHw,Le fonds national des corridors commerciaux de renforcera le commerce et la silience du seau de transport CorridorsDeCommerce https co CsuOPQAmHw,['#CorridorsDeCommerce'],,37,115,152,['other'],[],fr,0.0,Neutral,Transports_gc_tweeter
1,811939764693860353,2016-12-22 14:21:39,"['https://t.co/d18rNRrHfV', 'https://t.co/1XOwEyiNdP']",#EnRappel: Le #pèreNoël a renouvelé sa licence de pilote professionnel! Voici ce qui s’est passé en coulisses: https://t.co/d18rNRrHfV https://t.co/1XOwEyiNdP,EnRappel Le sa licence de pilote professionnel Voici ce qui est en coulisses https co d18rNRrHfV https co 1XOwEyiNdP,"['#EnRappel', '#p']",,54,66,120,['other'],[],fr,0.0,Neutral,Transports_gc_tweeter
2,913408859863224322,2017-09-28 14:23:37,['https://t.co/Rd6Qq1prdh\xe2\x80\xa6'],"RT @IMOHQ: Today is #WorldMaritimeDay and it's all about ""Connecting ships, ports and people"" - find out more here: https://t.co/Rd6Qq1prdh…",RT IMOHQ Today WorldMaritimeDay Connecting ships ports people find https co,['#WorldMaritimeDay'],,104,0,104,['other'],[],en,0.5,Positive,Transports_gc_tweeter
3,850772682480246785,2017-04-08 18:09:48,[],RT @VeteransFR_CA: Des troupes représentant les 4 divisions de l’Armée cdnne qui ont combattu à Vimy marchent vers le Mém. national du Cana…,RT Des troupes sentant les divisions de cdnne qui ont combattu Vimy marchent vers le national du,[],,99,0,99,['other'],[],fr,0.0,Neutral,Transports_gc_tweeter
4,817496430780829696,2017-01-06 22:21:52,[],RT @CanadaPE: Le suspect de #FortLauderdale ne voyageait pas du Canada et n’était pas sur un vol canadien. Aucun lien avec le Canada,RT CanadaPE Le suspect de FortLauderdale ne voyageait pas du Canada et tait pas sur un vol canadien Aucun lien avec le Canada,['#FortLauderdale'],,99,0,99,['other'],[],fr,0.0,Neutral,Transports_gc_tweeter
