status_id,status_message,link_name,status_type,status_link,status_published,num_reactions,num_comments,num_shares,num_likes,num_loves,num_wows,num_hahas,num_sads,num_angrys,num_special
370233926766473_405118423278023,"Saviez-vous que la moitiÃ© de tous les dÃ©placements dans la ville de Vancouver se font Ã  pied, Ã  vÃ©lo ou en transport en commun? Quel excellent modÃ¨le pour le transport actif! http://ow.ly/6Nue30hEwfR","dÃ©placements dans la ville de Vancouver se font Ã  pied, Ã  vÃ©lo ou en transport en commun",video,https://www.facebook.com/EnvironnementetChangementclimatique/videos/405118423278023/,2018-01-16 13:00:00,0,0,0,0,0,0,0,0,0,0
370233926766473_405113003278565,"Lors du sommet One Planet Ã  Paris, le Canada et le Groupe de la Banque mondiale ont annoncÃ© quâ€™ils sâ€™associaient pour appuyer lâ€™action climatique dans les pays en dÃ©veloppement et les petits Ã‰tats insulaires en dÃ©veloppement. En dÃ©laissant lâ€™Ã©lectricitÃ© au charbon au profit de lâ€™Ã©nergie propre, nous veillerons Ã  ce que les gÃ©nÃ©rations futures aient de lâ€™air pur Ã  respirer!","One Planet Ã  Paris, le Canada et le Groupe de la Banque mondiale",video,https://www.facebook.com/EnvironnementetChangementclimatique/videos/405113003278565/,2018-01-15 13:00:00,1,0,0,1,0,0,0,0,0,0
370233926766473_405111969945335,"Lors du sommet One Planet Ã  Paris, le Canada et le Groupe de la Banque mondiale ont annoncÃ© quâ€™ils sâ€™associaient pour appuyer lâ€™action climatique dans les pays en dÃ©veloppement et les petits Ã‰tats insulaires en dÃ©veloppement. En dÃ©laissant lâ€™Ã©lectricitÃ© au charbon au profit de lâ€™Ã©nergie propre, nous veillerons Ã  ce que les gÃ©nÃ©rations futures aient de lâ€™air pur Ã  respirer!","One Planet Ã  Paris, le Canada et le Groupe de la Banque mondiale",video,https://www.facebook.com/EnvironnementetChangementclimatique/videos/405111969945335/,2018-01-15 13:00:00,0,0,0,0,0,0,0,0,0,0
370233926766473_405108616612337,"Morgan Solar Inc. appuient les produits qui rÃ©duisent la quantitÃ© de matÃ©riaux coÃ»teux requis dans les panneaux solaires, et pourrait produire le panneau solaire le moins cher au monde en services dâ€™Ã©lectricitÃ©. Investir dans les industries de technologies propres permet dâ€™amÃ©liorer lâ€™efficacitÃ© Ã©nergÃ©tique et de rÃ©duire les gaz Ã  effet de serre.",Morgan Solar Inc. appuient les produits qui rÃ©duisent la quantitÃ© de matÃ©riaux coÃ»teux,video,https://www.facebook.com/EnvironnementetChangementclimatique/videos/405108616612337/,2018-01-12 13:00:00,1,0,1,1,0,0,0,0,0,0
370233926766473_403431846780014,"GM Canada prÃ©voit rÃ©duire ses Ã©missions de gaz Ã  effet de serre dâ€™environ 77 %! Pour ce faire, elle utilisera des gaz dâ€™enfouissement renouvelables pour produire de lâ€™Ã©lectricitÃ©, rÃ©cupÃ©rant ainsi lâ€™Ã©nergie thermique pour alimenter et chauffer son usine ontarienne qui fabrique des moteurs et des transmissions.",GM Canada prÃ©voit rÃ©duire ses Ã©missions de gaz Ã  effet de serre,video,https://www.facebook.com/EnvironnementetChangementclimatique/videos/403431846780014/,2018-01-10 13:00:00,1,0,0,1,0,0,0,0,0,0
370233926766473_403429136780285,"Le gouvernement du Canada investit plus de 190 millions de dollars dans plus de 140 projets de transport actif dans lâ€™ensemble du pays!

23,5 millions de dollars seront consacrÃ©s au prolongement du sentier ferroviaire de lâ€™Ouest de Toronto.

La construction du rÃ©seau de transport en commun et lâ€™expansion du rÃ©seau existant amÃ©liorent la qualitÃ© de vie des collectivitÃ©s, lâ€™environnement et rÃ©duisent les Ã©missions de gaz Ã  effet de serre!",Le gouvernement du Canada investit plus de 190 millions de dollars dans plus de 140 projets de transport actif dans lâ€™ensemble du pays!,video,https://www.facebook.com/EnvironnementetChangementclimatique/videos/403429136780285/,2018-01-09 13:00:00,0,0,0,0,0,0,0,0,0,0
370233926766473_405104439946088,"Avez-vous entendu parler de Growing North?
Leur mission est de fournir des produits frais, cultivÃ©s localement et de faÃ§on durable  aux familles du Nord canadien Ã  une fraction du prix actuel.
Growing North a construit sa premiÃ¨re serre Ã  Naujaat (Nunavut) et fournit des produits frais Ã  tous les membres de la collectivitÃ©.
https://www.facebook.com/GrowingNorth/",Timeline Photos,photo,https://www.facebook.com/EnvironnementetChangementclimatique/photos/a.377494369373762.1073741828.370233926766473/405104439946088/?type=3,2018-01-08 13:00:58,2,0,0,2,0,0,0,0,0,0
370233926766473_397134290743103,"Le Canada dirige une alliance mondiale avec le Royaume-Uni pour lâ€™Ã©limination progressive de la production dâ€™Ã©lectricitÃ© Ã  partir du charbon dâ€™ici 2030. Ã‰tant donnÃ© que 40 % de lâ€™Ã©lectricitÃ© mondiale est toujours gÃ©nÃ©rÃ©e Ã  partir du charbon, cette mesure est lâ€™une des plus importantes que les pays peuvent adopter pour respecter les engagements de lâ€™Accord de Paris.
http://ow.ly/tZSn30hnDNp",Le Canada dirige une alliance mondiale avec le Royaume-Uni pou...,video,https://www.facebook.com/EnvironnementetChangementclimatique/videos/397134290743103/,2018-01-01 12:00:00,0,0,1,0,0,0,0,0,0,0
370233926766473_400173743772491,,ENERGY STAR au Canada,photo,https://www.facebook.com/ENERGYSTARCan/photos/a.669433423231597.1073741828.669358079905798/916558521852418/?type=3,2017-12-28 14:41:51,0,0,0,0,0,0,0,0,0,0
370233926766473_397127994077066,Conseil du jour pour des FÃªtes Ã©colo : Ã©conomisez de lâ€™Ã©nergie (et de lâ€™argent) en utilisant des lumiÃ¨res DEL avec une minuterie!,Conseil du jour pour des FÃªtes Ã©colo,video,https://www.facebook.com/EnvironnementetChangementclimatique/videos/397127994077066/,2017-12-25 16:00:00,0,0,0,0,0,0,0,0,0,0
370233926766473_398468697276329,Vous cherchez des activitÃ©s pour occuper vos enfants durant les FÃªtes? Invitez-les Ã  jouer et Ã  explorer le site Web #ClimatJeunes http://ow.ly/2j9Y30hnMor,Timeline Photos,photo,https://www.facebook.com/EnvironnementetChangementclimatique/photos/a.377494369373762.1073741828.370233926766473/398468697276329/?type=3,2017-12-24 15:25:04,0,0,0,0,0,0,0,0,0,0
370233926766473_397119797411219,"En cette saison des FÃªtes, tÃ©lÃ©phonez, envoyez un courriel ou communiquez par vidÃ©o avec votre famille pour rÃ©duire les dÃ©chets et votre empreinte sur la planÃ¨te!",communiquez par vidÃ©o avec votre famille,video,https://www.facebook.com/EnvironnementetChangementclimatique/videos/397119797411219/,2017-12-24 10:00:00,0,0,0,0,0,0,0,0,0,0
370233926766473_397116244078241,"Cette annÃ©e, pour votre cadeau de NoÃ«l Ã©colo, offrez une expÃ©rience qui durera toute la vie et qui ne se retrouvera pas dans un site dâ€™enfouissement! 

Au lieu de donner des marchandises, offrez des billets de thÃ©Ã¢tre, de cinÃ©ma ou dâ€™Ã©vÃ©nement sportif ou un chÃ¨que-cadeau de restaurant, un abonnement dans un club de sports ou un traitement dans un spa! Moins vous achetez de matÃ©riel, plus vous rÃ©duisez votre empreinte carbonique des FÃªtes.",Billets,video,https://www.facebook.com/EnvironnementetChangementclimatique/videos/397116244078241/,2017-12-23 16:00:00,0,0,0,0,0,0,0,0,0,0
370233926766473_397114780745054,"En cette saison des FÃªtes, partez Ã  la recherche de cadeaux rÃ©tro uniques pour vos proches! 

RÃ©duisez votre empreinte carbonique en achetant des jouets, des livres, des skis et des vÃªtements usagÃ©s pour recycler de vieux objets et leur redonner vie.",de cadeaux rÃ©tro uniques,video,https://www.facebook.com/EnvironnementetChangementclimatique/videos/397114780745054/,2017-12-23 14:00:00,0,0,0,0,0,0,0,0,0,0
370233926766473_397103864079479,"Amusez-vous et faites des Ã©conomies en emballant vos cadeaux avec des matiÃ¨res rÃ©utilisables comme des bandes dessinÃ©es, de veilles cartes ou des revues. Vous pouvez Ã©galement dÃ©couper de vielles cartes de NoÃ«l pour faire des Ã©tiquettes de cadeaux ou des dÃ©corations Ã  suspendre.",Amusez-vous et faites des Ã©conomies en emballant vos cadeaux a...,video,https://www.facebook.com/EnvironnementetChangementclimatique/videos/397103864079479/,2017-12-22 14:00:00,0,0,0,0,0,0,0,0,0,0
370233926766473_397091750747357,"Pour les FÃªtes, magasinez de faÃ§on judicieuse et durable!  

Invitez un ami futÃ© qui magasine avec des sacs rÃ©utilisables, qui Ã©vite les produits suremballÃ©s trop emballÃ©s ou qui sait dÃ©nicher des objets rÃ©utilisables!","Pour les FÃªtes, magasinez de faÃ§on judicieuse et durable!",video,https://www.facebook.com/EnvironnementetChangementclimatique/videos/397091750747357/,2017-12-22 10:30:00,1,0,0,1,0,0,0,0,0,0
370233926766473_397084057414793,"Vous nâ€™avez pas Ã©tÃ© sage cette annÃ©e? Le PÃ¨re NoÃ«l nâ€™offrira pas de bas de NoÃ«l rempli de charbon, grÃ¢ce Ã  lâ€™Alliance : Ã‰nergiser au-delÃ  du charbon entre le Canada et le Royaume-Uni. 

Le Canada et ses partenaires du monde entier ont uni leurs forces pour Ã©liminer progressivement les centrales Ã©lectriques traditionnelles alimentÃ©es au charbon, afin de crÃ©er un avenir Ã©cologique et durable pour tous.

Renseignez-vous sur cet accord historique : http://ow.ly/O6BT30hnsza",Vous nâ€™avez pas Ã©tÃ© sage cette annÃ©e?,video,https://www.facebook.com/EnvironnementetChangementclimatique/videos/397084057414793/,2017-12-21 17:00:00,0,0,1,0,0,0,0,0,0,0
370233926766473_397148524075013,"Le 12 dÃ©cembre, la ministre McKenna a participÃ© Ã  #OnePlanetSummit et a travaillÃ© avec des leaders des secteurs public et privÃ© sur une nouvelle et innovatrice #ActionClimatique.",One Planet Summit,video,https://www.facebook.com/EnvironnementetChangementclimatique/videos/397148524075013/,2017-12-21 16:20:07,2,0,2,2,0,0,0,0,0,0
370233926766473_397144730742059,"Aujourdâ€™hui, les gouvernements du Canada et de lâ€™Alberta ont convenu de renouveler leur engagement visant Ã  fournir des renseignements clairs et scientifiquement rigoureux sur les effets environnementaux de lâ€™exploitation des sables bitumineux dans le nord-est de lâ€™Alberta.

Lâ€™entente reconnaÃ®t que les peuples autochtones sont des partenaires importants dans le travail de conservation et de protection de notre environnement et que les connaissances traditionnelles et scientifiques sont essentielles au processus dÃ©cisionnel en matiÃ¨re dâ€™environnement. http://ow.ly/SoFT30hnH3p Alberta Environment",Timeline Photos,photo,https://www.facebook.com/EnvironnementetChangementclimatique/photos/a.377494369373762.1073741828.370233926766473/397144730742059/?type=3,2017-12-21 16:01:47,0,0,1,0,0,0,0,0,0,0
370233926766473_397132520743280,Le Canada prend des mesures rigoureuses pour lutter contre les changements climatiques. La tarification de la pollution au carbone est le moyen le plus efficace de rÃ©duire la pollution et de favoriser lâ€™innovation. Elle nâ€™est quâ€™un des exemples de notre leadership en matiÃ¨re dâ€™action climatique mondiale.,Le Canada prend des mesures rigoureuses pour lutter contre les...,video,https://www.facebook.com/EnvironnementetChangementclimatique/videos/397132520743280/,2017-12-21 15:11:45,0,0,1,0,0,0,0,0,0,0
370233926766473_397080630748469,"La saison des FÃªtes gÃ©nÃ¨re plus de dÃ©chets que tout autre pÃ©riode de lâ€™annÃ©e. Que ferez-vous cette annÃ©e pour rÃ©duire la quantitÃ© de dÃ©chets que vous produisez?

Voici de simples gestes quotidiens qui vous aideront Ã  rÃ©duire votre impact sur lâ€™environnement : http://ow.ly/8X6p30hnrrM",La saison des FÃªtes gÃ©nÃ¨re plus de dÃ©chets que tout autre pÃ©ri...,video,https://www.facebook.com/EnvironnementetChangementclimatique/videos/397080630748469/,2017-12-21 12:48:10,0,0,2,0,0,0,0,0,0,0
370233926766473_397068097416389,"Aujourdâ€™hui, câ€™est le solstice dâ€™hiver qui marque la journÃ©e la plus courte de lâ€™annÃ©e. Pour rÃ©duire votre consommation dâ€™Ã©nergie, organisez une soirÃ©e douillette aux chandelles, sortez des jeux de sociÃ©tÃ© et profitez de bons moments bien mÃ©ritÃ©s en famille!",câ€™est le solstice dâ€™hiver,video,https://www.facebook.com/EnvironnementetChangementclimatique/videos/397068097416389/,2017-12-21 12:17:18,0,0,2,0,0,0,0,0,0,0
370233926766473_397049027418296,"Que ce soit les feux de forÃªt de la Colombie-Britannique ou les tempÃªtes de verglas du Canada atlantique, les mÃ©tÃ©orologues dâ€™Environnement et Changement climatique Canada ont sÃ©lectionnÃ© les dix Ã©vÃ©nements mÃ©tÃ©orologiques de lâ€™ensemble du pays qui ont marquÃ© lâ€™annÃ©e 2017. 

Les Ã©vÃ©nements mÃ©tÃ©orologiques extrÃªmes comme ceux-ci dÃ©montrent les effets des changements climatiques et nous rappellent lâ€™importance dâ€™agir maintenant dans notre pays ainsi quâ€™Ã  lâ€™Ã©tranger. http://ow.ly/m0zs30hn821 #Top10MÃ©tÃ©o",Timeline Photos,photo,https://www.facebook.com/EnvironnementetChangementclimatique/photos/a.377494369373762.1073741828.370233926766473/397049027418296/?type=3,2017-12-21 11:15:05,0,0,1,0,0,0,0,0,0,0
370233926766473_396995560756976,"Les Canadiens en avaient long Ã  dire sur la mÃ©tÃ©o cette annÃ©e! Des inondations ont causÃ© des dommages importants dans certaines rÃ©gions du QuÃ©bec et de lâ€™Ontario, et des tempÃªtes hivernales ont enseveli le Canada atlantique. Les Britanno-Colombiens ont vÃ©cu la saison de feux de forÃªt la plus dÃ©vastatrice de lâ€™histoire de la province et les conditions de chaleur et de sÃ©cheresse record dans lâ€™Ouest ont fait de 2017 une annÃ©e catastrophique  pour les cultivateurs et les Ã©leveurs.

Les experts mÃ©tÃ©orologues dâ€™Environnement et Changement climatique Canada ont sÃ©lectionnÃ© leurs dix Ã©vÃ©nements mÃ©tÃ©o les plus marquants de lâ€™annÃ©e 2017 Ã  partir dâ€™une liste de 100 Ã©vÃ©nements importants dans tout le pays. Jetez un coup dâ€™Å“il : http://ow.ly/z50V30hn2I6",Top 10 MÃ©tÃ©o de 2017,video,https://www.facebook.com/EnvironnementetChangementclimatique/videos/396995560756976/,2017-12-21 08:40:30,1,0,6,1,0,0,0,0,0,0
370233926766473_396227690833763,,Votre gouvernement Ã  l'Å“uvre,video,https://www.facebook.com/Votregouvernementaloeuvre/videos/601724653331096/,2017-12-19 13:58:13,0,0,0,0,0,0,0,0,0,0
370233926766473_394378127685386,"Nous avons une grande nouvelle! Le gouvernement du Canada financera, au cours des cinq prochaines annÃ©es, plus de 1 milliard de dollars au Fonds du leadership pour lâ€™Ã©conomie Ã  faibles Ã©missions de carbone pour aider les provinces de la Colombie-Britannique, de lâ€™Alberta, de lâ€™Ontario, du QuÃ©bec, du Nouveau-Brunswick et de la Nouvelle-Ã‰cosse. 

Le Canada sâ€™est engagÃ© Ã  dÃ©velopper lâ€™Ã©conomie et la protection de lâ€™environnement pour les gÃ©nÃ©rations futures.

http://ow.ly/tGE730hfWnA",Fonds du leadership,video,https://www.facebook.com/EnvironnementetChangementclimatique/videos/394378127685386/,2017-12-15 14:34:41,3,0,2,1,2,0,0,0,0,0
370233926766473_394064157716783,"Le gouvernement du Canada annonce un nouveau fonds pour aider Ã  soutenir une Ã©conomie Ã  faibles Ã©missions de carbone. Demain, le 15 dÃ©cembre Ã  9 h 30 (HNE), suivez en direct sur Facebook pour de plus amples renseignements! https://www.facebook.com/EnvironnementetChangementclimatique/",,photo,https://www.facebook.com/EnvironnementetChangementclimatique/photos/a.377494369373762.1073741828.370233926766473/394064034383462/?type=3,2017-12-14 23:18:11,4,0,1,2,2,0,0,0,0,0
370233926766473_394045367718662,La ministre McKenna annonce une nouvelle initiative visant Ã  appuyer une croissance Ã©conomie propre Ã  faibles Ã©missions de carbone!,Environment and Climate Change,video,https://www.facebook.com/EnvironmentandClimateChange/videos/663786990676596/,2017-12-14 22:11:49,4,0,0,3,1,0,0,0,0,0
370233926766473_393959964393869,,Canada G7,video,https://www.facebook.com/CanadaG7/videos/1963703833902381/,2017-12-14 16:08:17,1,0,0,0,1,0,0,0,0,0
370233926766473_393560777767121,"Le Canada va de lâ€™avant avec lâ€™Ã©laboration de la Norme sur les carburants propres pour rÃ©duire une quantitÃ© dâ€™Ã©missions annuelles Ã©quivalant au retrait de 7 millions de vÃ©hicules de la circulation!
Une des actions clÃ©s de notre plan canadien de lutte contre les changements climatiques sera de consulter les provinces, territoires, industrie et organismes non gouvernementaux pour leur demander leur avis. 
Consulter le cadre pour voir comment nous protÃ©geons notre environnement, notre santÃ© et notre prospÃ©ritÃ© future.
http://ow.ly/bmRG30hddEL",Timeline Photos,photo,https://www.facebook.com/EnvironnementetChangementclimatique/photos/a.377494369373762.1073741828.370233926766473/393560777767121/?type=3,2017-12-13 18:17:01,0,0,4,0,0,0,0,0,0,0
370233926766473_393062707816928,"Nous crÃ©ons des emplois verts bien rÃ©munÃ©rÃ©s pour assurer une Ã©conomie prospÃ¨re et durable pour les gÃ©nÃ©rations Ã  venir. 
http://ow.ly/iqeP30hboL9",des emplois verts bien rÃ©munÃ©rÃ©s,video,https://www.facebook.com/EnvironnementetChangementclimatique/videos/393062707816928/,2017-12-13 16:00:00,1,0,1,0,1,0,0,0,0,0
370233926766473_393512181105314,"Comme dÃ©cembre est le mois de la #ScienceArctique, nous soulignons le mÃ©rite des scientifiques dâ€™Environnement et Changement climatique Canada qui travaillent dans le Nord et dont les recherches contribuent Ã  amÃ©liorer la comprÃ©hension des menaces qui pÃ¨sent sur les Ã©cosystÃ¨mes de lâ€™Arctique.

Rob, qui Ã©tudie les ours blancs dans lâ€™Arctique circumpolaire, travaille de concert avec des chasseurs inuits afin de dÃ©terminer les effets des produits chimiques contaminants sur la santÃ© des ours blancs. http://ow.ly/Bvs130hcWJS",Timeline Photos,photo,https://www.facebook.com/EnvironnementetChangementclimatique/photos/a.377494369373762.1073741828.370233926766473/393512181105314/?type=3,2017-12-13 14:55:01,2,0,0,1,1,0,0,0,0,0
370233926766473_393493724440493,#CanadaEnChine â€“ Mission commerciale de la ministre McKenna sur #TechnologiesPropres : lâ€™entreprise ğŸ‡¨ğŸ‡¦ Cypher Environmental se spÃ©cialise en contrÃ´le des poussiÃ¨res et en solutions dâ€™assainissement de lâ€™eau et des sols. #ActionClimatique http://ow.ly/TRfj30h82FY #ActionClimatique,Timeline Photos,photo,https://www.facebook.com/EnvironnementetChangementclimatique/photos/a.377494369373762.1073741828.370233926766473/393493724440493/?type=3,2017-12-13 13:40:08,2,0,0,1,1,0,0,0,0,0
370233926766473_393461734443692,"Vous Ãªtes un enseignant ou un parent? Invitez vos enfants Ã  jouer au Remue-mÃ©ninges science climat!
Jetez un coup dâ€™Å“il au certificat que vos enfants obtiendront aprÃ¨s avoir rÃ©pondu au questionnaire.
http://ow.ly/aur030hbpWW",Timeline Photos,photo,https://www.facebook.com/EnvironnementetChangementclimatique/photos/a.377494369373762.1073741828.370233926766473/393461734443692/?type=3,2017-12-13 12:00:55,1,0,0,1,0,0,0,0,0,0
370233926766473_393461627777036,"Le Fond pour lâ€™infrastructure de transport en commun appuie 147 projets canadiens, comme le rÃ©amÃ©nagement de pistes cyclables, lâ€™installation de supports Ã  vÃ©los et lâ€™amÃ©lioration des arrÃªts dâ€™autobus. Ces initiatives encouragent un plus grand nombre de Canadiens Ã  prendre part au transport actif et Ã  prendre des mesures pour lutter contre le changement climatique en rÃ©duisant les Ã©missions de gaz Ã  effet de serre.",Timeline Photos,photo,https://www.facebook.com/EnvironnementetChangementclimatique/photos/a.377494369373762.1073741828.370233926766473/393461627777036/?type=3,2017-12-13 12:00:28,0,0,0,0,0,0,0,0,0,0
370233926766473_393059411150591,"Environnement et Changement climatique est fier de la petite municipalitÃ© de Cochrane, en Ontario, qui achÃ¨tera le tout premier autobus de son rÃ©seau de transport en commun. 

Le Fonds pour lâ€™infrastructure de transport en commun soutient 147 projets canadiens! Le transport en commun est bon pour lâ€™environnement et il contribue Ã  rÃ©duire les Ã©missions de gaz Ã  effet de serre!

Vous voulez en savoir davantage?
http://ow.ly/IN0h30hbnAS",Le Fonds pour lâ€™infrastructure de transport,video,https://www.facebook.com/EnvironnementetChangementclimatique/videos/393059411150591/,2017-12-13 12:00:00,0,0,0,0,0,0,0,0,0,0
370233926766473_393443854445480,#CanadaEnChine â€“ Mission commerciale de la ministre McKenna sur #TechnologiesPropres : lâ€™entreprise ğŸ‡¨ğŸ‡¦ Pure Technologies Ltd. effectue lâ€™entretien dâ€™infrastructure comme les stations de traitement des eaux usÃ©es et les lignes Ã©lectriques. http://ow.ly/u7ME30h82bO #ActionClimatique,Timeline Photos,photo,https://www.facebook.com/EnvironnementetChangementclimatique/photos/a.377494369373762.1073741828.370233926766473/393443854445480/?type=3,2017-12-13 11:35:04,0,0,0,0,0,0,0,0,0,0
370233926766473_393416271114905,#CanadaEnChine â€“ Mission commerciale de la ministre McKenna sur #TechnologiesPropres : lâ€™entreprise ğŸ‡¨ğŸ‡¦ SNC-Lavalin  se spÃ©cialise dans le nettoyage des sites contaminÃ©s et la gestion des dÃ©chets. http://ow.ly/s5XI30h81QH #ActionClimatique,Timeline Photos,photo,https://www.facebook.com/EnvironnementetChangementclimatique/photos/a.377494369373762.1073741828.370233926766473/393416271114905/?type=3,2017-12-13 10:15:08,0,0,0,0,0,0,0,0,0,0
370233926766473_393091097814089,"Le saviez-vous? Lorsque vous prenez une douche de cinq minutes, vous utilisez environ 38 litres dâ€™eau?
Aidez vos enfants Ã  dÃ©couvrir les gestes quâ€™ils peuvent poser pour contribuer Ã  la lutte contre les changements climatiques, en fonction de leurs habitudes : http://ow.ly/jnhP30hbmCX",Timeline Photos,photo,https://www.facebook.com/EnvironnementetChangementclimatique/photos/a.377494369373762.1073741828.370233926766473/393091097814089/?type=3,2017-12-12 16:00:19,0,0,0,0,0,0,0,0,0,0
370233926766473_393059494483916,"#EnCeJour en 2015, le Canada, avec 194 autres pays, a franchi un jalon historique en adoptant lâ€™Accord de Paris. Nous prenons des mesures pour limiter le rÃ©chauffement moyen des tempÃ©ratures mondiales bien en deÃ§Ã  de 2 degrÃ©s Celsius. 
http://ow.ly/Bp0e30hbhAE",Timeline Photos,photo,https://www.facebook.com/EnvironnementetChangementclimatique/photos/a.377494369373762.1073741828.370233926766473/393059494483916/?type=3,2017-12-12 14:05:03,0,0,1,0,0,0,0,0,0,0
370233926766473_393041477819051,"Ballard Power System, une entreprise canadienne, produira des moteurs Ã  pile Ã  combustible pour les tramways en France.
Il sâ€™agira du premier circuit de tram-bus Ã  hydrogÃ¨ne en France et les seules Ã©missions produites sont de la vapeur dâ€™eau!
Renseignez-vous : http://ow.ly/lEum30hbh99",Timeline Photos,photo,https://www.facebook.com/EnvironnementetChangementclimatique/photos/a.377494369373762.1073741828.370233926766473/393041477819051/?type=3,2017-12-12 13:05:05,0,0,1,0,0,0,0,0,0,0
370233926766473_393015017821697,,Environnement et ressources naturelles au Canada,link,https://www.facebook.com/EnvironnementetressourcesnaturellesauCanada/posts/10159731579300029,2017-12-12 11:43:28,0,0,0,0,0,0,0,0,0,0
370233926766473_393006734489192,"Travaillez-vous dans une entreprise qui sâ€™intÃ©resse aux technologies propres et aux infrastructures vertes? DÃ©couvrez les programmes et services du gouvernement qui peuvent vous aider Ã  tirer profit des possibilitÃ©s quâ€™offre un marchÃ© mondial en pleine croissance!

La campagne de technologies propres Ã  lâ€™international est une sÃ©rie dâ€™ateliers qui seront offerts partout au Canada au cours des trois prochaines annÃ©es. Cette vidÃ©o prÃ©sente lâ€™histoire de rÃ©ussite canadienne dans les technologies propres.

Abonnez-vous pour en savoir plus et obtenir des mises Ã  jour sur les ateliers Ã  venir sur les technologies propres : http://ow.ly/nA9030hb86Y",La campagne de technologies propres Ã  lâ€™international,video,https://www.facebook.com/EnvironnementetChangementclimatique/videos/393006734489192/,2017-12-12 11:23:38,0,0,0,0,0,0,0,0,0,0
370233926766473_392981277825071,Lâ€™entreprise canadienne Innergex produit de lâ€™Ã©nergie propre en France. Elle compte 13 parcs Ã©oliens plus deux autres en construction qui ensemble produiront assez dâ€™Ã©nergie pour alimenter 160 000 maisons en Europe. Apprenez-en plus : http://ow.ly/pnfh30haXm7,Timeline Photos,photo,https://www.facebook.com/EnvironnementetChangementclimatique/photos/a.377494369373762.1073741828.370233926766473/392981277825071/?type=3,2017-12-12 10:10:10,1,0,0,1,0,0,0,0,0,0
370233926766473_392749417848257,"Saviez-vous que vous devriez toujours vÃ©rifier lâ€™indice UV, mÃªme en hiver?! http://ow.ly/inat30h9XzF",Timeline Photos,photo,https://www.facebook.com/EnvironnementetChangementclimatique/photos/a.377494369373762.1073741828.370233926766473/392749417848257/?type=3,2017-12-11 21:00:25,2,0,7,1,1,0,0,0,0,0
370233926766473_392721124517753,"Avez-vous dÃ©jÃ  entendu parler de Cypher Environmental? Tous ses produits sont Ã  100 % Ã©cologiques, biologiques, biodÃ©gradables, non toxiques et non corrosifs.
En sâ€™adaptant aux impacts des changements climatiques, les ingÃ©nieurs de Cypher Environmental conÃ§oivent des mÃ©thodes de grande qualitÃ© pour le contrÃ´le de la poussiÃ¨re et des solutions de stabilisation des sols et de remÃ©diation de lâ€™eau adaptÃ©es Ã  une Ã©conomie mondiale en croissance. 
Pour en savoir plus, jetez un coup dâ€™Å“il Ã  cette fascinante vidÃ©o : http://ow.ly/c1fv30h9SqR",,status,,2017-12-11 19:00:16,0,0,0,0,0,0,0,0,0,0
370233926766473_392680511188481,Avez-vous entendu parler de projets de transport actif dans votre rÃ©gion? Infrastructure Canada investit plus de 200 millions de dollars dans 147 projets au Canada pour aider Ã  rÃ©duire les Ã©missions de gaz Ã  effet de serre et Ã  contrer les rÃ©percussions du changement climatique.,de projets de transport actif,video,https://www.facebook.com/EnvironnementetChangementclimatique/videos/392680511188481/,2017-12-11 17:44:00,0,0,0,0,0,0,0,0,0,0
370233926766473_392693231187209,La ministre McKenna a conclu la mission commerciale du #CanadaEnChine sur les technologies propres et a participÃ© aux rÃ©unions du #ConseilChinois.,Voyage de la ministre en Chine,video,https://www.facebook.com/EnvironnementetChangementclimatique/videos/392693231187209/,2017-12-11 17:07:12,0,0,1,0,0,0,0,0,0,0
370233926766473_392675414522324,#CanadaEnChine â€“ Mission commerciale de la ministre McKenna sur #TechnologiesPropres : lâ€™entreprise ğŸ‡¨ğŸ‡¦ Terragon Environmental Technologies se spÃ©cialise dans les solutions de traitement des eaux usÃ©es. http://ow.ly/g0NQ30h80VN #ActionClimatique,Timeline Photos,photo,https://www.facebook.com/EnvironnementetChangementclimatique/photos/a.377494369373762.1073741828.370233926766473/392675414522324/?type=3,2017-12-11 15:55:05,0,0,0,0,0,0,0,0,0,0
370233926766473_392658677857331,#CanadaEnChine â€“ Mission commerciale de la ministre McKenna sur #TechnologiesPropres : lâ€™entreprise ğŸ‡¨ğŸ‡¦ David Bromley Engineering se spÃ©cialise en technologie de traitement de lâ€™eau. http://ow.ly/bseb30h80Da #ActionClimatique,Timeline Photos,photo,https://www.facebook.com/EnvironnementetChangementclimatique/photos/a.377494369373762.1073741828.370233926766473/392658677857331/?type=3,2017-12-11 14:45:09,0,0,0,0,0,0,0,0,0,0
370233926766473_392095217913677,#CanadaEnChine â€“ Mission commerciale de la ministre McKenna sur #TechnologiesPropres : lâ€™entreprise ğŸ‡¨ğŸ‡¦ David Bromley Engineering se spÃ©cialise en technologie de traitement de lâ€™eau. http://ow.ly/DLVa30h81kI #ActionClimatique,David Bromley Engineering,video,https://www.facebook.com/EnvironnementetChangementclimatique/videos/392095217913677/,2017-12-11 13:15:00,0,0,0,0,0,0,0,0,0,0
370233926766473_392593494530516,#CanadaEnChine â€“ Mission commerciale de la ministre McKenna sur #TechnologiesPropres : lâ€™entreprise ğŸ‡¨ğŸ‡¦ Nelson Environmental Remediation  dÃ©contamine le sol pour quâ€™il puisse Ãªtre rÃ©utilisÃ©! http://ow.ly/7qkI30h80ph #ActionClimatique,Timeline Photos,photo,https://www.facebook.com/EnvironnementetChangementclimatique/photos/a.377494369373762.1073741828.370233926766473/392593494530516/?type=3,2017-12-11 11:20:07,0,0,0,0,0,0,0,0,0,0
370233926766473_392079897915209,#CanadaEnChine â€“ Mission commerciale de la ministre McKenna sur #TechnologiesPropres : lâ€™entreprise ğŸ‡¨ğŸ‡¦ @NERGlobal  dÃ©contamine le sol pour quâ€™il puisse Ãªtre rÃ©utilisÃ©! http://ow.ly/QiKD30h805X #ActionClimatique,Nelson Environmental Remediation,video,https://www.facebook.com/EnvironnementetChangementclimatique/videos/392079897915209/,2017-12-11 09:30:00,0,0,0,0,0,0,0,0,0,0
370233926766473_392523274537538,#CanadaEnChine â€“ Mission commerciale de la ministre McKenna sur #TechnologiesPropres : lâ€™entreprise ğŸ‡¨ğŸ‡¦  Biorem se spÃ©cialise en systÃ¨mes antipollution de haute efficacitÃ© pour lâ€™Ã©limination des polluants atmosphÃ©riques. http://ow.ly/8Omq30h80Nq  #ActionClimatique,Timeline Photos,photo,https://www.facebook.com/EnvironnementetChangementclimatique/photos/a.377494369373762.1073741828.370233926766473/392523274537538/?type=3,2017-12-11 08:10:04,0,0,0,0,0,0,0,0,0,0
370233926766473_392237317899467,#CanadaEnChine â€“ Mission commerciale de la ministre McKenna sur #TechnologiesPropres : lâ€™entreprise ğŸ‡¨ğŸ‡¦ Xebec Adsorption Inc. conÃ§oit des produits novateurs qui transforment le gaz brut en source dâ€™Ã©nergie propre. http://ow.ly/hnsG30h7ZiF #ActionClimatique,Timeline Photos,photo,https://www.facebook.com/EnvironnementetChangementclimatique/photos/a.377494369373762.1073741828.370233926766473/392237317899467/?type=3,2017-12-10 16:10:05,0,0,0,0,0,0,0,0,0,0
370233926766473_392068401249692,#CanadaEnChine â€“ Mission commerciale de la ministre McKenna sur #TechnologiesPropres : lâ€™entreprise ğŸ‡¨ğŸ‡¦ Biorem se spÃ©cialise en systÃ¨mes antipollution de haute efficacitÃ© pour lâ€™Ã©limination des polluants atmosphÃ©riques. http://ow.ly/8mQW30h7Zcd #ActionClimatique,Biorem,video,https://www.facebook.com/EnvironnementetChangementclimatique/videos/392068401249692/,2017-12-10 14:30:00,0,0,0,0,0,0,0,0,0,0
370233926766473_392182351238297,#CanadaEnChine â€“ Mission commerciale de la ministre McKenna sur #TechnologiesPropres : lâ€™entreprise ğŸ‡¨ğŸ‡¦ Biothermica se spÃ©cialise en rÃ©duction des polluants de lâ€™air industriels et du mÃ©thane Ã©mis par les dÃ©charges et mines de charbon souterraines http://ow.ly/ar2730h7Z67 #ActionClimatique,Timeline Photos,photo,https://www.facebook.com/EnvironnementetChangementclimatique/photos/a.377494369373762.1073741828.370233926766473/392182351238297/?type=3,2017-12-10 13:15:04,0,0,0,0,0,0,0,0,0,0
370233926766473_392049011251631,#CanadaEnChine â€“ Mission commerciale de la ministre McKenna sur #TechnologiesPropres : lâ€™entreprise ğŸ‡¨ğŸ‡¦ Biothermica se spÃ©cialise en rÃ©duction des polluants de lâ€™air industriels et du mÃ©thane Ã©mis par les dÃ©charges et mines de charbon souterraines http://ow.ly/v60w30h7Yid #ActionClimatique,Biothermica,video,https://www.facebook.com/EnvironnementetChangementclimatique/videos/392049011251631/,2017-12-10 09:05:00,0,0,0,0,0,0,0,0,0,0
370233926766473_392063671250165,#CanadaEnChine â€“ Mission commerciale de la ministre McKenna sur #TechnologiesPropres : lâ€™entreprise ğŸ‡¨ğŸ‡¦ @XebecAdsorptionInc conÃ§oit des produits novateurs qui transforment le gaz brut en source dâ€™Ã©nergie propre. http://ow.ly/lujE30h7YVj #ActionClimatique,Xebec,video,https://www.facebook.com/EnvironnementetChangementclimatique/videos/392063671250165/,2017-12-10 09:05:00,0,0,0,0,0,0,0,0,0,0
370233926766473_392068424583023,#CanadaEnChine â€“ Mission commerciale de la ministre McKenna sur #TechnologiesPropres : lâ€™entreprise ğŸ‡¨ğŸ‡¦ #ShellCansolv capte la pollution par le carbone avant quâ€™elle ne se retrouve dans lâ€™atmosphÃ¨re. http://ow.ly/w1nW30h7XPF #ActionClimatique,Timeline Photos,photo,https://www.facebook.com/EnvironnementetChangementclimatique/photos/a.377494369373762.1073741828.370233926766473/392068424583023/?type=3,2017-12-10 08:40:03,0,0,4,0,0,0,0,0,0,0
370233926766473_392062451250287,"Saviez-vous que la ministre de lâ€™Environnement et du Changement climatique du Canada, Catherine McKenna, est la vice-prÃ©sidente directrice internationale du #ConseilChinois? Ce groupe compte plus de 60 experts chinois et mondiaux reconnus qui fournissent des conseils stratÃ©giques sur lâ€™environnement et le dÃ©veloppement en Chine. http://ow.ly/aRKo30h7YS1",Timeline Photos,photo,https://www.facebook.com/EnvironnementetChangementclimatique/photos/a.377494369373762.1073741828.370233926766473/392062451250287/?type=3,2017-12-10 08:29:01,0,0,1,0,0,0,0,0,0,0
370233926766473_392051711251361,#CanadaEnChine â€“ Mission commerciale de la ministre McKenna sur #TechnologiesPropres : lâ€™entreprise Echologics ğŸ‡¨ğŸ‡¦   se spÃ©cialise dans la dÃ©tection des fuites dans les conduites dâ€™eau et en Ã©valuation de leur Ã©tat. http://ow.ly/k1MW30h7XMq #ActionClimatique,Timeline Photos,photo,https://www.facebook.com/EnvironnementetChangementclimatique/photos/a.377494369373762.1073741828.370233926766473/392051711251361/?type=3,2017-12-10 08:05:07,0,0,0,0,0,0,0,0,0,0
370233926766473_391875504602315,#CanadaEnChine â€“ Mission commerciale de la ministre McKenna sur #TechnologiesPropres : lâ€™entreprise ğŸ‡¨ğŸ‡¦ Echologics se spÃ©cialise dans la dÃ©tection des fuites dans les conduites dâ€™eau et en Ã©valuation de leur Ã©tat. http://ow.ly/1alh30h7I6K #ActionClimatique,Echologics,video,https://www.facebook.com/EnvironnementetChangementclimatique/videos/391875504602315/,2017-12-09 23:30:00,0,0,0,0,0,0,0,0,0,0
370233926766473_391867221269810,"#CanadaEnChine â€“ Mission commerciale de la ministre McKenna sur #TechnologiesPropres : lâ€™entreprise ğŸ‡¨ğŸ‡¦ #ShellCansolv capte la pollution par le carbone avant quâ€™elle ne se retrouve dans lâ€™atmosphÃ¨re. 
http://ow.ly/UhJP30h7HwY #ActionClimatique",Shell Cansolv,video,https://www.facebook.com/EnvironnementetChangementclimatique/videos/391867221269810/,2017-12-09 22:15:00,0,0,0,0,0,0,0,0,0,0
370233926766473_391872841269248,#CanadaEnChine â€“ Mission commerciale de la ministre McKenna sur #TechnologiesPropres : lâ€™entreprise ğŸ‡¨ğŸ‡¦ Quadrogen transforme les eaux usÃ©es des stations de traitement et des dÃ©charges en Ã©nergie et en combustibles propres. http://ow.ly/uQ7F30h7HKv,Timeline Photos,photo,https://www.facebook.com/EnvironnementetChangementclimatique/photos/a.377494369373762.1073741828.370233926766473/391872841269248/?type=3,2017-12-09 21:55:03,0,0,0,0,0,0,0,0,0,0
370233926766473_391828564607009,#CanadaEnChine â€“ Mission commerciale de la ministre McKenna sur #TechnologiesPropres : lâ€™entreprise ğŸ‡¨ğŸ‡¦ Quadrogen transforme les eaux usÃ©es des stations de traitement et des dÃ©charges en Ã©nergie et en combustibles propres. http://ow.ly14en30h7El6 #ActionClimatique,Quadrogen,video,https://www.facebook.com/EnvironnementetChangementclimatique/videos/391828564607009/,2017-12-09 19:09:17,0,0,1,0,0,0,0,0,0,0
370233926766473_391819197941279,"Nous travaillons ensemble pour protÃ©ger lâ€™environnement, faire croÃ®tre notre Ã©conomie et garantir de lâ€™air pur aux citoyens de la Chine et du Canada â€“ la ministre McKenna a discutÃ© de collaboration accrue avec le ministre Li Ganjie, Ã  Beijing.",Photos from Environnement et Changement climatique's post,photo,https://www.facebook.com/EnvironnementetChangementclimatique/photos/a.377494369373762.1073741828.370233926766473/391819107941288/?type=3,2017-12-09 18:20:45,0,0,1,0,0,0,0,0,0,0
370233926766473_391796324610233,"Environnement et Changement climatique Canada cÃ©lÃ¨bre la premiÃ¨re annÃ©e du plan canadien pour lutter contre le changement climatique et faire croÃ®tre lâ€™Ã©conomie! Nous avons fait beaucoup de progrÃ¨s cette annÃ©e, mais il reste du travail Ã  faire pour sâ€™assurer que nous maintiendrons la planÃ¨te en santÃ© pour nos enfants et petits-enfants.

Voyez notre premier rapport sur les progrÃ¨s : http://ow.ly/sSop30h7ygj",Timeline Photos,photo,https://www.facebook.com/EnvironnementetChangementclimatique/photos/a.377494369373762.1073741828.370233926766473/391796324610233/?type=3,2017-12-09 16:51:54,2,0,0,2,0,0,0,0,0,0
370233926766473_391677127955486,#CanadaEnChine â€“ lâ€™entreprise ğŸ‡¨ğŸ‡¦ du Centre international CCS connaissances se spÃ©cialise dans lâ€™accÃ©lÃ©ration du dÃ©ploiement mondial du captage et du stockage de carbone pour gÃ©rer les gaz Ã  effet de serre. http://ow.ly/J3wB30h7mH8 #ActionClimatique,Timeline Photos,photo,https://www.facebook.com/EnvironnementetChangementclimatique/photos/a.377494369373762.1073741828.370233926766473/391677127955486/?type=3,2017-12-09 11:50:07,0,0,0,0,0,0,0,0,0,0
370233926766473_391672237955975,#CanadaEnChine â€“ Bombardier ğŸ‡¨ğŸ‡¦ spÃ©cialiste en rÃ©duction de pollution avec son aÃ©ronef novateur #CSeries qui consomme seulement 2 L/100 km de carburant par passager. http://ow.ly/fzAi30h7mba #ActionClimatique,Timeline Photos,photo,https://www.facebook.com/EnvironnementetChangementclimatique/photos/a.377494369373762.1073741828.370233926766473/391672237955975/?type=3,2017-12-09 11:35:04,0,0,0,0,0,0,0,0,0,0
370233926766473_391652864624579,"#CanadaenChine â€“ Hydrogenics ğŸ‡¨ğŸ‡¦ ce spÃ©cialise dans le dÃ©veloppement d'infrastructures pour les piles Ã  hydrogÃ¨ne pour les vÃ©hicules, tels que les autobus avec zÃ©ro Ã©mission. ow.ly/VKoU30h2j53 #ActionClimatique",Timeline Photos,photo,https://www.facebook.com/EnvironnementetChangementclimatique/photos/a.377494369373762.1073741828.370233926766473/391652864624579/?type=3,2017-12-09 10:45:06,0,0,1,0,0,0,0,0,0,0
370233926766473_391639264625939,#CanadaenChine â€“ #WoodlandBiofuels ğŸ‡¨ğŸ‡¦ se spÃ©cialise en carburant propre et #renouvelable au moyen de la biomasse des dÃ©chets pour produire de lâ€™Ã©thanol Ã  faible coÃ»t. ow.ly/eHlX30h2jmF #ActionClimatique,Timeline Photos,photo,https://www.facebook.com/EnvironnementetChangementclimatique/photos/a.377494369373762.1073741828.370233926766473/391639264625939/?type=3,2017-12-09 10:17:48,0,0,1,0,0,0,0,0,0,0
370233926766473_391589684630897,#CanadaEnChine â€“ Mission commerciale de la ministre McKenna sur #TechnologiesPropres : lâ€™entreprise ğŸ‡¨ğŸ‡¦ Solstice Canada Corp. se spÃ©cialise en nettoyage du sol. http://ow.ly/eEyx30h7gRT #ActionClimatique,Timeline Photos,photo,https://www.facebook.com/EnvironnementetChangementclimatique/photos/a.377494369373762.1073741828.370233926766473/391589684630897/?type=3,2017-12-09 08:10:04,0,0,1,0,0,0,0,0,0,0
370233926766473_391575091299023,#CanadaEnChine â€“ Mission commerciale de la ministre McKenna sur #TechnologiesPropres : lâ€™entreprise ğŸ‡¨ğŸ‡¦ Saltworks Technologies purifie lâ€™eau utilisÃ©e dans les grandes usines pour quâ€™elle puisse Ãªtre rÃ©utilisÃ©e! http://ow.ly/bOUb30h7gDD #ActionClimatique,Timeline Photos,photo,https://www.facebook.com/EnvironnementetChangementclimatique/photos/a.377494369373762.1073741828.370233926766473/391575091299023/?type=3,2017-12-09 07:31:31,0,0,1,0,0,0,0,0,0,0
370233926766473_391338824655983,#CanadaEnChine â€“ Mission commerciale de la ministre McKenna sur #TechnologiesPropres : lâ€™entreprise ğŸ‡¨ğŸ‡¦ Saltworks Technologies purifie lâ€™eau utilisÃ©e dans les grandes usines pour quâ€™elle puisse Ãªtre rÃ©utilisÃ©e! http://ow.ly/4mKX30h71qc #ActionClimatique,Saltworks Technologies,video,https://www.facebook.com/EnvironnementetChangementclimatique/videos/391338824655983/,2017-12-08 21:55:00,0,0,1,0,0,0,0,0,0,0
370233926766473_391347981321734,#CanadaEnChine â€“ Mission commerciale de la ministre McKenna sur #TechnologiesPropres : lâ€™entreprise ğŸ‡¨ğŸ‡¦ GHGSat Inc.  se spÃ©cialise dans la mesure des gaz Ã  effet de serre au moyen de la technologie par satellite. http://ow.ly/fHSC30h72g2 #ActionClimatique,Timeline Photos,photo,https://www.facebook.com/EnvironnementetChangementclimatique/photos/a.377494369373762.1073741828.370233926766473/391347981321734/?type=3,2017-12-08 19:51:11,0,0,1,0,0,0,0,0,0,0
370233926766473_391333451323187,#CanadaEnChine â€“ Mission commerciale de la ministre McKenna sur #TechnologiesPropres : lâ€™entreprise ğŸ‡¨ğŸ‡¦ Solstice Canada Corp. se spÃ©cialise en nettoyage du sol. http://ow.ly/nTNJ30h70u2,Solstice Canada Corp.,video,https://www.facebook.com/EnvironnementetChangementclimatique/videos/391333451323187/,2017-12-08 19:02:34,0,0,1,0,0,0,0,0,0,0
370233926766473_391288324661033,#CanadaEnChine : la ministre McKenna a discutÃ© avec lâ€™envoyÃ© spÃ©cial Xie Zhenhua des changements climatiques et de la croissance propre. ğŸ‡¨ğŸ‡¦ ğŸ‡¨ğŸ‡³,Timeline Photos,photo,https://www.facebook.com/EnvironnementetChangementclimatique/photos/a.377494369373762.1073741828.370233926766473/391288324661033/?type=3,2017-12-08 16:05:06,0,0,0,0,0,0,0,0,0,0
370233926766473_391264711330061,"Les enjeux mondiaux, tels que les changements climatiques, nÃ©cessitent des solutions dâ€™envergure mondiale. La ministre McKenna a discutÃ© avec lâ€™envoyÃ© spÃ©cial Xie Zhenhua de la possibilitÃ© dâ€™une collaboration plus significative pour mettre en Å“uvre lâ€™Accord de Paris, lâ€™action climatique et la croissance propre.",Timeline Photos,photo,https://www.facebook.com/EnvironnementetChangementclimatique/photos/a.377494369373762.1073741828.370233926766473/391264711330061/?type=3,2017-12-08 14:54:09,0,0,1,0,0,0,0,0,0,0
370233926766473_391261704663695,"Les prairies renferment tout un Ã©ventail de rÃ©coltes, alors, pourquoi ne pas rÃ©colter aussi du vent? 

Le parc Ã©olien de St. Leon, au Manitoba, compte 63 turbines qui produisent une Ã©lectricitÃ© sans Ã©mission qui pourrait alimenter 26 000 foyers canadiens par annÃ©e. 

Le Manitoba possÃ¨de actuellement quatre installations dâ€™Ã©nergie Ã©olienne en exploitation. Les parcs Ã©oliens rÃ©coltent une Ã©nergie propre et renouvelable tout en crÃ©ant des emplois pour les Canadiens.",Timeline Photos,photo,https://www.facebook.com/EnvironnementetChangementclimatique/photos/a.377494369373762.1073741828.370233926766473/391261704663695/?type=3,2017-12-08 14:50:18,0,0,0,0,0,0,0,0,0,0
370233926766473_391246081331924,#CanadaEnChine â€“ Mission commerciale de la ministre McKenna sur #TechnologiesPropres : lâ€™entreprise ğŸ‡¨ğŸ‡¦  Energy Saving Products Ltd. se spÃ©cialise en purificateurs dâ€™air qui maintiennent des normes Ã©levÃ©es de qualitÃ© de lâ€™air dans de grands espaces : http://ow.ly/XUQ730h6wP4 #ActionClimatique,Timeline Photos,photo,https://www.facebook.com/EnvironnementetChangementclimatique/photos/a.377494369373762.1073741828.370233926766473/391246081331924/?type=3,2017-12-08 13:46:30,0,0,1,0,0,0,0,0,0,0
370233926766473_391158818007317,#CanadaEnChine â€“ lâ€™entreprise ğŸ‡¨ğŸ‡¦ du Centre international CCS connaissances se spÃ©cialise dans lâ€™accÃ©lÃ©ration du dÃ©ploiement mondial du captage et du stockage de carbone pour gÃ©rer les gaz Ã  effet de serre. http://ow.ly/nd5I30h6l6u,Centre international CCS connaissances,video,https://www.facebook.com/EnvironnementetChangementclimatique/videos/391158818007317/,2017-12-08 11:33:27,0,0,1,0,0,0,0,0,0,0
370233926766473_390887564701109,#CanadaEnChine â€“ Mission commerciale de la ministre McKenna sur #TechnologiesPropres : lâ€™entreprise ğŸ‡¨ğŸ‡¦ AUG Signals  se spÃ©cialise dans le traitement des donnÃ©es de surveillance de lâ€™#eau de source et lâ€™eau potable. http://ow.ly/y0Oj30h5ycr,Timeline Photos,photo,https://www.facebook.com/EnvironnementetChangementclimatique/photos/a.377494369373762.1073741828.370233926766473/390887564701109/?type=3,2017-12-07 22:35:02,0,0,0,0,0,0,0,0,0,0
370233926766473_390816041374928,#CanadaEnChine â€“ Mission commerciale de la ministre McKenna sur #TechnologiesPropres : lâ€™entreprise ğŸ‡¨ğŸ‡¦  Energy Saving Products Ltd. se spÃ©cialise en purificateurs dâ€™air qui maintiennent des normes Ã©levÃ©es de qualitÃ© de lâ€™air dans de grands espaces : http://ow.ly/UGme30h5rGz #ActionClimat,Hi-Velocity Systems,video,https://www.facebook.com/EnvironnementetChangementclimatique/videos/390816041374928/,2017-12-07 18:25:00,0,0,1,0,0,0,0,0,0,0
370233926766473_390807188042480,"Les technologies propres nous permettent de lutter contre les changements climatiques et de crÃ©er des emplois hautement qualifiÃ©s!

Le gouvernement du Canada a investi 2,2 M$ dans lâ€™entreprise montrÃ©alaise de technologie Spark Microsystems. Elle utilise une technologie novatrice qui amÃ©liore lâ€™efficacitÃ© Ã©nergÃ©tique des piles de nos tÃ©lÃ©phones cellulaires. 

GrÃ¢ce Ã  cette technologie, les Canadiens pourraient utiliser leurs appareils mobiles encore plus longtemps sans Ã©puiser leurs piles. 

DÃ©couvrez cette entreprise et vous serez enthousiasmÃ© par lâ€™avenir des technologies propres! http://ow.ly/18IU30h5nxt",Timeline Photos,photo,https://www.facebook.com/EnvironnementetChangementclimatique/photos/a.377494369373762.1073741828.370233926766473/390807188042480/?type=3,2017-12-07 16:59:17,0,0,0,0,0,0,0,0,0,0
370233926766473_390792951377237,#CanadaEnChine â€“ Mission commerciale de la ministre McKenna sur #TechnologiesPropres : lâ€™entreprise ğŸ‡¨ğŸ‡¦ GHGSat Inc. se spÃ©cialise dans la mesure des gaz Ã  effet de serre au moyen de la technologie par satellite. http://ow.ly/zuRk30h5izQ  #ActionClimatique,GHGSat,video,https://www.facebook.com/EnvironnementetChangementclimatique/videos/390792951377237/,2017-12-07 16:35:00,0,0,2,0,0,0,0,0,0,0
370233926766473_390784191378113,#CanadaEnChine â€“ Mission commerciale de la ministre McKenna sur #TechnologiesPropres : lâ€™entreprise ğŸ‡¨ğŸ‡¦ AUG Signals se spÃ©cialise dans le traitement des donnÃ©es de surveillance de lâ€™#eau de source et lâ€™eau potable. http://ow.ly/mJZe30h5fAW,A.U.G. Signals,video,https://www.facebook.com/EnvironnementetChangementclimatique/videos/390784191378113/,2017-12-07 15:35:23,0,0,1,0,0,0,0,0,0,0
370233926766473_390765104713355,"Dans le cadre de la campagne DÃ©ployez vos ailes avec les 4-H, 4-H Canada aide les enfants Ã  devenir des champions de lâ€™environnement. En tant que membres des 4-H, vous pouvez participer en vous inscrivant Ã  lâ€™Expo-Sciences des 4-H Canada!
Renseignez-vous : http://ow.ly/zWcs30h59Wn",,photo,https://www.facebook.com/EnvironnementetChangementclimatique/photos/a.377494369373762.1073741828.370233926766473/390764648046734/?type=3,2017-12-07 14:22:35,2,0,1,2,0,0,0,0,0,0
370233926766473_390705441385988,"La ministre de lâ€™Environnement et du Changement climatique, Catherine McKenna, a assistÃ© au lancement de la nouvelle chaÃ®ne de montage de  Broad-Ocean. GrÃ¢ce Ã  un accord de transfert de technologie, dâ€™octroi de licence et dâ€™approvisionnement, les moteurs Ã  pile combustible de Ballard seront assemblÃ©s par Broad-Ocean dans 3 villes chinoises. Ballard est un autre exemple dâ€™entreprise canadienne qui commercialise et exporte des technologies dâ€™Ã©nergie propre novatrices utilisÃ©es en  Chine. La technologie zÃ©ro-Ã©missions de la pile Ã  combustible est un moyen de lutter contre les changements climatiques et dâ€™amÃ©liorer la qualitÃ© de lâ€™air. Ballard Power Systems http://ow.ly/XDnL30h4TkH",Le lancement de la nouvelle chaÃ®ne de montage de  Broad-Ocean,video,https://www.facebook.com/EnvironnementetChangementclimatique/videos/390705441385988/,2017-12-07 11:18:27,0,0,1,0,0,0,0,0,0,0
370233926766473_390669668056232,"La ministre de lâ€™Environnement et du Changement climatique, Catherine McKenna a visitÃ© la Chine dans le cadre de la mission commerciale #CanadaEnChine sur les #TechnologiesPropres.",Diaporama : rÃ©capitulation de Chine,video,https://www.facebook.com/EnvironnementetChangementclimatique/videos/390669668056232/,2017-12-07 09:46:10,1,0,0,1,0,0,0,0,0,0
370233926766473_390423974747468,"La ministre de lâ€™Environnement et du Changement climatique, Catherine McKenna, a visitÃ© le Shanghai Environment and Energy Exchange. Cette organisation aide Ã  bÃ¢tir un avenir plus durable en appuyant lâ€™Ã©change de droits dâ€™Ã©mission de carbone en Chine.",Photos from Environnement et Changement climatique's post,photo,https://www.facebook.com/EnvironnementetChangementclimatique/photos/a.377494369373762.1073741828.370233926766473/390423844747481/?type=3,2017-12-06 20:44:56,2,1,1,2,0,0,0,0,0,0
370233926766473_390329968090202,La mission commercial #CanadaEnChine ouvre la voie Ã  de nouveaux partenariats entre les entreprises ğŸ‡¨ğŸ‡¦ et ğŸ‡¨ğŸ‡³. Ces entreprises hissent les #TechnologiesPropres canadiennes Ã  un tout autre niveau. http://ow.ly/A4vA30h47Wq,Timeline Photos,photo,https://www.facebook.com/EnvironnementetChangementclimatique/photos/a.377494369373762.1073741828.370233926766473/390329968090202/?type=3,2017-12-06 15:06:59,0,0,1,0,0,0,0,0,0,0
370233926766473_390322918090907,#CanadaEnChine â€“ Bombardier ğŸ‡¨ğŸ‡¦ spÃ©cialiste en rÃ©duction de pollution avec son aÃ©ronef novateur #CSeries qui consomme seulement 2 L/100 km de carburant par passager. http://ow.ly/Fk9c30h3Hry #ActionClimatique,Bombardier,video,https://www.facebook.com/EnvironnementetChangementclimatique/videos/390322918090907/,2017-12-06 14:49:48,3,0,3,3,0,0,0,0,0,0
370233926766473_390275148095684,#CanadaenChine â€“ #WoodlandBiofuels ğŸ‡¨ğŸ‡¦ se spÃ©cialise en carburant propre et #renouvelable au moyen de la biomasse des dÃ©chets pour produire de lâ€™Ã©thanol Ã  faible coÃ»t. http://ow.ly/GZOB30h3uhn #ActionClimatique,Woodland Biofuels,video,https://www.facebook.com/EnvironnementetChangementclimatique/videos/390275148095684/,2017-12-06 12:35:00,0,0,2,0,0,0,0,0,0,0
370233926766473_390273258095873,"#CanadaenChine â€“ Hydrogenics ğŸ‡¨ğŸ‡¦ ce spÃ©cialise dans le dÃ©veloppement d'infrastructures pour les piles Ã  hydrogÃ¨ne pour les vÃ©hicules, tels que les autobus avec zÃ©ro Ã©mission. http://ow.ly/jbhD30h3tgq #ActionClimatique",Hydrogenics,video,https://www.facebook.com/EnvironnementetChangementclimatique/videos/390273258095873/,2017-12-06 12:08:23,0,0,5,0,0,0,0,0,0,0
370233926766473_390248664764999,"La ministre de lâ€™Environnement et du Changement climatique, Catherine McKenna, utilise un moyen de transport Ã©cologique lors de sa mission commerciale sur les #TechnologiesPropres en Chine! Le commerce international du Canada - Affaires mondiales Canada",Timeline Photos,photo,https://www.facebook.com/EnvironnementetChangementclimatique/photos/a.377494369373762.1073741828.370233926766473/390248664764999/?type=3,2017-12-06 10:45:57,0,0,1,0,0,0,0,0,0,0
370233926766473_389475668175632,åŠ æ‹¿å¤§æ˜¯ä¸€ä¸ªæ°”å€™é¢†å¯¼è€…ï¼Œæˆ‘ä»¬å¯¹ç”Ÿæ„å®è¡Œé—¨æˆ·å¼€æ”¾æ”¿ç­–ï¼Œå¹¶æ„¿æ„è®©ä¸–ç•Œå˜æˆæ›´å¯æŒç»­å‘å±•çš„åœ°æ–¹ï¼ æˆ‘ä»¬åœ¨è¿™é‡Œä¸åŠ æ‹¿å¤§æ¸…æ´ç§‘æŠ€ï¼ˆ#CleanTechï¼‰å…¬å¸å°†ä¸ä¸­å›½åšç”Ÿæ„ã€‚,,status,,2017-12-04 18:28:27,0,0,0,0,0,0,0,0,0,0
370233926766473_389475144842351,"Le Canada est un leader en matiÃ¨re de climat et nous sommes prÃªts Ã  faire des affaires, Ã  faire du monde un endroit plus durable! Nous sommes ici avec des entreprises #TechPropre canadiennes et prÃªts Ã  brasser des affaires en Chine. Le commerce international du Canada - Affaires mondiales Canada",Timeline Photos,photo,https://www.facebook.com/EnvironnementetChangementclimatique/photos/a.377494369373762.1073741828.370233926766473/389475144842351/?type=3,2017-12-04 18:27:40,1,0,0,1,0,0,0,0,0,0
370233926766473_389339584855907,"2018 marque lâ€™AnnÃ©e du tourisme Canada-Chine. Le premier ministre canadien, Justin Trudeau, la ministre de la Petite Entreprise et du Tourisme du Canada, Bardish Chagger et la ministre de l'Environnement et du Changement climatique, Catherine McKenna, souhaitent la bienvenue aux touristes chinois dans nos merveilleux sites de Parcs Canada â€“ nos trÃ©sors nationaux canadiens! Planifiez votre visite : http://ow.ly/4RLJ30h07cZ",Timeline Photos,photo,https://www.facebook.com/EnvironnementetChangementclimatique/photos/a.377494369373762.1073741828.370233926766473/389339584855907/?type=3,2017-12-04 11:49:21,3,0,0,3,0,0,0,0,0,0
370233926766473_389323564857509,Canada et Chine : ensemble pour protÃ©ger lâ€™environnement et lutter contre les changements climatiques.,Timeline Photos,photo,https://www.facebook.com/EnvironnementetChangementclimatique/photos/a.377494369373762.1073741828.370233926766473/389323564857509/?type=3,2017-12-04 11:01:31,3,0,0,3,0,0,0,0,0,0
370233926766473_387880361668496,"Cette formidable carte interactive prÃ©sente environ 300 vidÃ©os de recherche sur le climat produites par des jeunes du monde entier! 

Ce projet mÃ©diatique participatif, Youth Climate Report a Ã©tÃ© produit par le cinÃ©aste canadien Mark Terry, en collaboration avec UNFCCC http://ow.ly/XP6430gVsPj",Timeline Photos,photo,https://www.facebook.com/EnvironnementetChangementclimatique/photos/a.377494369373762.1073741828.370233926766473/387880361668496/?type=3,2017-12-01 09:00:22,2,0,1,2,0,0,0,0,0,0
370233926766473_387589845030881,"Identifiez un ami avec qui vous patinerez cet hiver! ğŸ™‹ğŸ¿

RinkWatch est une initiative de science citoyenne qui permet aux citoyens de fournir des donnÃ©es sur la tempÃ©rature des patinoires de leur quartier. Ces renseignements seront utilisÃ©s pour Ã©tudier les effets Ã  long terme des changements climatiques! 

Ã€ ce jour, des citoyens des pays participants ont fourni des conditions de patinage pour plus de 1 400 patinoires extÃ©rieures et Ã©tangs. Joignez-vous Ã  eux cet hiver! http://ow.ly/Tg9d30gVTGM",Rink Watch,video,https://www.facebook.com/EnvironnementetChangementclimatique/videos/387589845030881/,2017-11-30 18:52:00,1,0,2,1,0,0,0,0,0,0
370233926766473_387570745032791,"Lâ€™industrie de lâ€™Ã©nergie possÃ¨de un riche potentiel dâ€™adaptation et dâ€™innovation! Iron & Earth est une entreprise formÃ©e par un groupe dâ€™anciens travailleurs de lâ€™industrie  pÃ©troliÃ¨re de Terre-Neuve-et-Labrador dont lâ€™objectif premier est de mettre en Å“uvre des projets dâ€™Ã©nergie verte et de former des travailleurs pour des emplois dans le secteur de lâ€™Ã©nergie renouvelable! 

Il est important de tirer parti des compÃ©tences que lâ€™on retrouve dans toutes les industries pour nous adapter aux changements climatiques et en attÃ©nuer les effets. Visitez leur site Web pour en apprendre davantage : http://ow.ly/zuAo30gVwUz",Timeline Photos,photo,https://www.facebook.com/EnvironnementetChangementclimatique/photos/a.377494369373762.1073741828.370233926766473/387570745032791/?type=3,2017-11-30 16:30:11,2,0,0,2,0,0,0,0,0,0
370233926766473_387546288368570,"Les changements climatiques touchent nos trÃ©sors naturels comme les Monts-Torngat. Paul Smith, scientifique Ã  Environnement et Changement climatique Canada, explique! http://ow.ly/XaVo30gVCQU","Paul Smith, scientifique Ã  ECCC",video,https://www.facebook.com/EnvironnementetChangementclimatique/videos/387546288368570/,2017-11-30 15:16:33,0,0,1,0,0,0,0,0,0,0
370233926766473_387521548371044,Aidez vos enfants Ã  sâ€™intÃ©resser Ã  lâ€™action climatique! Participez au jeu sur le site Climat jeunes : [www.climatjeunes.ca],Timeline Photos,photo,https://www.facebook.com/EnvironnementetChangementclimatique/photos/a.377494369373762.1073741828.370233926766473/387521548371044/?type=3,2017-11-30 13:43:38,0,0,1,0,0,0,0,0,0,0
370233926766473_387490278374171,"Ã€ la COP23 BONN la ministre Catherine McKenna a rencontrÃ© le cinÃ©aste canadien, Mark Terry, qui a crÃ©Ã© un projet visant Ã  prÃ©senter environ 300 vidÃ©os de recherche sur le climat. Consultez la carte pour explorer ces vidÃ©os produites dans le monde entier!
http://ow.ly/1rg830gU0tM",Timeline Photos,photo,https://www.facebook.com/EnvironnementetChangementclimatique/photos/a.377494369373762.1073741828.370233926766473/387490278374171/?type=3,2017-11-30 12:01:36,2,0,1,2,0,0,0,0,0,0
370233926766473_387170871739445,"Aujourdâ€™hui, la ministre de lâ€™Environnement et du Changement climatique, Catherine McKenna, Ã©tait Ã  la Chambre de commerce de la rÃ©gion de Toronto pour discuter de la faÃ§on dont les entreprises du Canada peuvent favoriser la croissance propre!",,photo,https://www.facebook.com/EnvironnementetChangementclimatique/photos/a.377494369373762.1073741828.370233926766473/387170788406120/?type=3,2017-11-29 16:10:51,3,0,0,3,0,0,0,0,0,0
370233926766473_386279601828572,"La semaine derniÃ¨re, Philippe Chemouny, gestionnaire Ã  Environnement et changement climatique Canada, a gagnÃ© un Prix Ozone au cours de la 29e rÃ©union des Parties du Protocole de MontrÃ©al. Il a Ã©tÃ© lâ€™un des nÃ©gociateurs clÃ©s du Canada dans certaines des nÃ©gociations les plus difficiles relatives au Protocole de MontrÃ©al au cours des 20 derniÃ¨res annÃ©es, notamment lâ€™Amendement de Kigali de 2016 visant Ã  rÃ©duire progressivement les HFC. Pour en apprendre davantage au sujet de M. Chemouny : http://ow.ly/cnO930gQT6d",,photo,https://www.facebook.com/EnvironnementetChangementclimatique/photos/a.377494369373762.1073741828.370233926766473/386279558495243/?type=3,2017-11-27 16:51:41,2,0,1,2,0,0,0,0,0,0
370233926766473_386278448495354,"Au cas oÃ¹ vous lâ€™auriez manquÃ© durant le Facebook Live de la 29e rÃ©union des Parties du Protocole de MontrÃ©al de la semaine derniÃ¨re, le Canadien David Heurtel a gagnÃ© un Prix Ozone pour lâ€™Ã©laboration du rÃ¨glement provincial du QuÃ©bec sur les halocarbures. Les Prix Ozone visent Ã  reconnaÃ®tre les personnes, groupes et organisations qui ont dÃ©montrÃ© un engagement et une contribution remarquables aux rÃ©alisations et aux progrÃ¨s accomplis dans le cadre du Protocole de MontrÃ©al au cours des dix derniÃ¨res annÃ©es. Pour en apprendre davantage au sujet de M. Heurtel : http://ow.ly/UIuV30gQSdu",,photo,https://www.facebook.com/EnvironnementetChangementclimatique/photos/a.377494369373762.1073741828.370233926766473/386278275162038/?type=3,2017-11-27 16:47:48,1,0,1,1,0,0,0,0,0,0
370233926766473_386275945162271,"La semaine derniÃ¨re, Dr Vitali Fioletov, un scientifique dâ€™Environnement et Changement climatique Canada, a reÃ§u un Prix Ozone au cours de la 29e rÃ©union des Parties du Protocole de MontrÃ©al. Il a Ã©tÃ© reconnu pour son Ã©tude des fluctuations de la couche dâ€™ozone et leurs rÃ©percussions sur lâ€™exposition au rayonnement ultraviolet. Les Prix Ozone visent Ã  reconnaÃ®tre les personnes, groupes et organisations qui ont dÃ©montrÃ© un engagement et une contribution remarquables aux rÃ©alisations et aux progrÃ¨s accomplis dans le cadre du Protocole de MontrÃ©al au cours des dix derniÃ¨res annÃ©es. Pour en apprendre davantage au sujet de Dr  Fioletov : http://ow.ly/T6kQ30gQPJw",,photo,https://www.facebook.com/EnvironnementetChangementclimatique/photos/a.377494369373762.1073741828.370233926766473/386275871828945/?type=3,2017-11-27 16:39:36,0,0,1,0,0,0,0,0,0,0
370233926766473_384933678629831,"Ã‰coutez Dre Mona Nemer, conseillÃ¨re scientifique en chef du Canada, Ã  la ConfÃ©rence du protocole de MontrÃ©al, suite Ã  la discussion plÃ©niÃ¨re du Programme des Nations Unies pour l'environnement, parler du fondement scientifique du Protocole de MontrÃ©al. La science continuera de nous aider Ã  rÃ©parer la couche dâ€™ozone!","Ã‰coutez Dre Mona Nemer, conseillÃ¨re scientifique en chef du Ca...",video,https://www.facebook.com/EnvironnementetChangementclimatique/videos/384933678629831/,2017-11-24 16:02:06,2,0,3,2,0,0,0,0,0,0
370233926766473_384883121968220,"Au cas oÃ¹ vous lâ€™auriez manquÃ©, la dÃ©lÃ©gation du Canada a travaillÃ© trÃ¨s fort Ã  la COP23 Ã  Bonn en Allemagne pour crÃ©er une planÃ¨te durable pour les gÃ©nÃ©rations futures. Nous sommes tous unis pour lâ€™#ActionClimatique.",COP23,video,https://www.facebook.com/EnvironnementetChangementclimatique/videos/384883121968220/,2017-11-24 13:15:29,4,0,0,4,0,0,0,0,0,0
370233926766473_384502115339654,"GrÃ¢ce au Protocole de MontrÃ©al, 99 % de lâ€™appauvrissement de la couche dâ€™ozone sera Ã©liminÃ© au Canada et le trou se rÃ©pare de lui-mÃªme. Mais le travail nâ€™est pas terminÃ©! Le Canada sâ€™est engagÃ© Ã  un rÃ©tablissement complet de la couche dâ€™ozone et Ã  poser action sur les changements climatiques.",VidÃ©o MontrÃ©al Protocole,video,https://www.facebook.com/EnvironnementetChangementclimatique/videos/384502115339654/,2017-11-23 17:57:38,1,0,1,1,0,0,0,0,0,0
370233926766473_384472302009302,Joignez-vous Ã  nous EN DIRECT pour regarder une discussion dâ€™experts sur la science qui a contribuÃ© Ã  rÃ©tablir la couche dâ€™ozone et Ã  lutter contre les changements climatiques en vertu du Protocole de MontrÃ©al.,Environment and Climate Change,video,https://www.facebook.com/EnvironmentandClimateChange/videos/651779198544042/,2017-11-23 14:41:44,1,0,0,1,0,0,0,0,0,0
370233926766473_384452442011288,"Ne manquez pas la diffusion aujourdâ€™hui, Ã  14 h 30 (HNE), de la discussion du groupe dâ€™experts sur la science qui a contribuÃ© Ã  rÃ©tablir la couche dâ€™ozone et Ã  lutter contre les changements climatiques en vertu du Protocole de MontrÃ©al.
 
Des scientifiques du monde entier, dont Vitali Fioletov et Nathan Gillet dâ€™Environnement et Changement climatique Canada, en feront partie.",,photo,https://www.facebook.com/EnvironnementetChangementclimatique/photos/a.377494369373762.1073741828.370233926766473/384452382011294/?type=3,2017-11-23 13:48:21,3,0,1,3,0,0,0,0,0,0
370233926766473_384380238685175,"En ce moment : la ministre de lâ€™Environnement et du Changement climatique, Catherine McKenna, prononce une allocution Ã  la rÃ©union du Protocole de MontrÃ©al.",Environment and Climate Change,video,https://www.facebook.com/EnvironmentandClimateChange/videos/651674615221167/,2017-11-23 10:12:31,1,0,0,1,0,0,0,0,0,0
370233926766473_384350595354806,,Environnement et Changement climatique,photo,https://www.facebook.com/EnvironnementetChangementclimatique/photos/a.377494369373762.1073741828.370233926766473/384139552042577/?type=3,2017-11-23 08:43:03,1,0,0,1,0,0,0,0,0,0
370233926766473_384142418708957,"Regardez la conseillÃ¨re scientifique en chef, Dre Mona Nemer, animer une table ronde sur le fondement scientifique du Protocole de MontrÃ©al.

Les membres de la table ronde faisant partie de la communautÃ© scientifique sont : Dr. Vitali Fioletov et Dr. Nathan Gillett dâ€™Environnement et Changement climatique Canada, Dre Amanda Maycock de lâ€™ University of Leeds au Royaume-Uni, Dr. Guus Velders de lâ€™  Utrecht University  et de lâ€™Institut national de santÃ© publique et dâ€™environnement des Pays-Bas, et Dre Anne Thompson du Centre de recherche NASA Goddard aux Ã‰tats-Unis. UN Environment",Timeline Photos,photo,https://www.facebook.com/EnvironnementetChangementclimatique/photos/a.377494369373762.1073741828.370233926766473/384142418708957/?type=3,2017-11-22 20:19:29,2,0,2,2,0,0,0,0,0,0
370233926766473_384139552042577,"Regardez la ministre de lâ€™Environnement et du Changement climatique, Catherine McKenna, qui prononcera une allocution lors de la confÃ©rence internationale qui vise Ã  protÃ©ger la couche dâ€™ozone et Ã  lutter contre les changements climatiques. EN DIRECT de MontrÃ©al! UN Environment",Timeline Photos,photo,https://www.facebook.com/EnvironnementetChangementclimatique/photos/a.377494369373762.1073741828.370233926766473/384139552042577/?type=3,2017-11-22 20:07:46,1,0,8,1,0,0,0,0,0,0
370233926766473_383662145423651,"Regardez lâ€™ambassadeur du Canada en Allemagne et envoyÃ© spÃ©cial auprÃ¨s de lâ€™Union europÃ©enne et de lâ€™Europe, StÃ©phane Dion, prononcer la dÃ©claration nationale du Canada Ã  la COP23 le 16 novembre, rÃ©itÃ©rant les engagements du gouvernement du Canada Ã  lutter contre le changement climatique et Ã  diriger l'action climatique mondiale.",La dÃ©claration nationale du Canada Ã  la COP23,video,https://www.facebook.com/EnvironnementetChangementclimatique/videos/383662145423651/,2017-11-21 16:01:21,1,0,0,1,0,0,0,0,0,0
370233926766473_383278448795354,"Le Protocole de MontrÃ©al est lâ€™un des accords mondiaux les plus fructueux de lâ€™histoire. Le Canada, avec lâ€™aide du monde entier, a mis fin Ã  lâ€™appauvrissement de la couche dâ€™ozone. Et maintenant, 30 ans plus tard, nous unissons nos efforts dans le cadre de cet accord pour mettre un terme aux changements climatiques, grÃ¢ce Ã  lâ€™Amendement de Kigali.",Le gouvernement du Canada prend des mesures,video,https://www.facebook.com/EnvironnementetChangementclimatique/videos/383278448795354/,2017-11-20 15:55:26,2,0,3,2,0,0,0,0,0,0
370233926766473_383275005462365,"La ministre canadienne de lâ€™Environnement et du Changement climatique, Catherine McKenna, est lâ€™hÃ´te cette semaine dâ€™une rÃ©union internationale Ã  MontrÃ©al axÃ©e en partie sur la mise en Å“uvre de la plus grande mesure mondiale de lutte contre les changements climatiques jamais prise : lâ€™Ã©limination progressive des hydrofluorocarbures (HFC). 

Nous utilisons tous des HFC dans les appareils tels que les rÃ©frigÃ©rateurs et les climatiseurs, et ils nous refroidissent avec une trÃ¨s grande efficacitÃ©. Malheureusement, ils rÃ©chauffent aussi la planÃ¨te. Les dÃ©lÃ©guÃ©s Ã  la rÃ©union du Protocole de MontrÃ©al travaillent Ã  la mise en Å“uvre de lâ€™amendement de Kigali au Protocole de MontrÃ©al, qui appelle Ã  une Ã©limination progressive mondiale des HFC. Les pays ont adoptÃ© lâ€™amendement lâ€™annÃ©e passÃ©e, et le Canada est rÃ©cemment devenu lâ€™un des premiers pays Ã  le ratifier. 

Le Canada prend dâ€™Ã©normes mesures pour assurer un avenir propre Ã  nos enfants et Ã  nos petits-enfants et, dans le cadre de ces efforts, conseille vivement aux autres pays de ratifier lâ€™amendement de Kigali.",Photos from Environnement et Changement climatique's post,photo,https://www.facebook.com/EnvironnementetChangementclimatique/photos/a.377494369373762.1073741828.370233926766473/383274878795711/?type=3,2017-11-20 15:29:57,3,0,0,3,0,0,0,0,0,0
370233926766473_383263788796820,"Le gouvernement du Canada investit 155 millions $ pour la #CroissancePropre en Ã©nergie, exploitation miniÃ¨re et foresterie pour crÃ©er un environnement plus propre. Ces fonds aideront les entreprises canadiennes Ã  devenir des chefs de file mondiaux des technologies propres.
Apprenez-en plus :  
http://ow.ly/TWNU30gHHYu",Environnement et ressources naturelles au Canada,video,https://www.facebook.com/EnvironnementetressourcesnaturellesauCanada/videos/10159634476795029/,2017-11-20 14:47:23,0,0,0,0,0,0,0,0,0,0
370233926766473_383179902138542,"Ã€ lâ€™instant! Le trÃ¨s honorable Brian Mulroney, la ministre de lâ€™Environnement et du Changement climatique, Catherine McKenna et Tina Birmpili, SecrÃ©taire exÃ©cutive du SecrÃ©tariat de lâ€™ozone reprÃ©sentant UN Environment lors de la confÃ©rence du #ProtocoleDeMontrÃ©al. http://ow.ly/X6HY30gHeeK",Photos from Environnement et Changement climatique's post,photo,https://www.facebook.com/EnvironnementetChangementclimatique/photos/a.377494369373762.1073741828.370233926766473/383179748805224/?type=3,2017-11-20 10:30:46,0,0,0,0,0,0,0,0,0,0
370233926766473_383174638805735,"Mettez-vous Ã  lâ€™Ã©coute dÃ¨s maintenant pour voir le trÃ¨s honorable Brian Mulroney et la ministre de lâ€™Environnement et du Changement climatique Catherine McKenna prendre la parole Ã  lâ€™occasion de lâ€™ouverture de la confÃ©rence internationale visant Ã  protÃ©ger la couche dâ€™ozone et Ã  lutter contre les changements climatiques. 

EN DIRECT de MontrÃ©al :",Environment and Climate Change,video,https://www.facebook.com/EnvironmentandClimateChange/videos/650044275384201/,2017-11-20 10:13:13,0,0,0,0,0,0,0,0,0,0
370233926766473_383157142140818,Mettez-vous Ã  lâ€™Ã©coute dÃ¨s maintenant pour voir le trÃ¨s honorable Brian Mulroney et la ministre de lâ€™Environnement et du Changement climatique Catherine McKenna prendre la parole Ã  lâ€™occasion de lâ€™ouverture de la confÃ©rence internationale visant Ã  protÃ©ger la couche dâ€™ozone et Ã  lutter contre les changements climatiques. EN DIRECT de MontrÃ©al!,Timeline Photos,photo,https://www.facebook.com/EnvironnementetChangementclimatique/photos/a.377494369373762.1073741828.370233926766473/383157142140818/?type=3,2017-11-20 09:17:11,1,0,0,1,0,0,0,0,0,0
370233926766473_382421822214350,"Lors de la premiÃ¨re rencontre de lâ€™Alliance : #Ã‰nergiserAuDelÃ DuCharbon, la ministre de lâ€™Environnement et du Changement climatique du Canada, Catherine McKenna, et la ministre dâ€™Ã‰tat du Changement climatique et de lâ€™Industrie du Royaume-Uni, Claire Perry, ont Ã©tÃ© rejointes par des partenaires unis pour une croissance Ã©conomique propre grÃ¢ce Ã  lâ€™Ã©limination progressive de lâ€™Ã©lectricitÃ© Ã  partir du charbon traditionnel.

Les partenaires #Ã‰nergiserAuDelÃ DuCharbon sont dâ€™accord sur le fait que lâ€™Ã©limination progressive dâ€™Ã©lectricitÃ© Ã  partir de charbon traditionnel est lâ€™Ã©tape la plus importante que la communautÃ© internationale peut prendre afin dâ€™atteindre les objectifs de lâ€™Accord de Paris.",lâ€™Alliance : Ã‰nergiser au-delÃ  du charbon,video,https://www.facebook.com/EnvironnementetChangementclimatique/videos/382421822214350/,2017-11-18 17:36:29,1,0,0,1,0,0,0,0,0,0
370233926766473_382077462248786,"Rencontrez Anne Marie Arko, une Ã©tudiante d'Environnement et Changement climatique Canada qui a travaillÃ© Ã©troitement avec l'Ã©quipe de nÃ©gociation du Canada pour mobiliser l'action climatique Ã  la Convention-cadre des Nations Unies sur les changements climatiques (COP23) Ã  Bonn, en Allemagne. Le Canada soutient les jeunes qui prennent des mesures pour adresser le changement climatique. Les jeunes sont essentiel dans la lutte contre les changements climatiques. Nous avons besoin de leurs idÃ©es et solutions innovatrices pour aider Ã  bÃ¢tir un Canada plus propre et plus prospÃ¨re pour les gÃ©nÃ©rations Ã  venir.",JournÃ©e internationale des Ã©tudiants,video,https://www.facebook.com/EnvironnementetChangementclimatique/videos/382077462248786/,2017-11-18 14:16:52,2,0,0,2,0,0,0,0,0,0
370233926766473_381581972298335,,Environnement et ressources naturelles au Canada,link,https://www.facebook.com/EnvironnementetressourcesnaturellesauCanada/posts/10159616420660029,2017-11-16 14:16:19,0,0,0,0,0,0,0,0,0,0
370233926766473_381538455636020,"Ce soir Ã  17 h (HNE)/23 h (HEC), regardez EN DIRECT lâ€™Ambassadeur du Canada auprÃ¨s de lâ€™Allemagne et envoyÃ© spÃ©cial auprÃ¨s de lâ€™Union europÃ©enne et de lâ€™Europe, StÃ©phane Dion, prononcer la dÃ©claration nationale du Canada Ã  la COP23, qui rÃ©itÃ¨re nos engagements dans la lutte contre les changements climatiques et lâ€™action climatique mondiale.",,photo,https://www.facebook.com/EnvironnementetChangementclimatique/photos/a.377494369373762.1073741828.370233926766473/381538415636024/?type=3,2017-11-16 11:55:18,0,0,0,0,0,0,0,0,0,0
370233926766473_381452778977921,"Aujourdâ€™hui : le Canada, le Royaume-Uni et plus de 20 gouvernements se sont unis pour accÃ©lÃ©rer une croissance Ã©conomique propre grÃ¢ce Ã  lâ€™Ã©limination progressive de lâ€™Ã©lectricitÃ© Ã  partir du charbon traditionnel. Lâ€™Alliance : Ã‰nergiser au-delÃ  du charbon crÃ©era une planÃ¨te saine et durable pour les gÃ©nÃ©rations futures! http://ow.ly/JyLy30gCnVR",,photo,https://www.facebook.com/EnvironnementetChangementclimatique/photos/a.377494369373762.1073741828.370233926766473/381452678977931/?type=3,2017-11-16 08:00:14,0,0,0,0,0,0,0,0,0,0
370233926766473_381440402312492,Le Canada s'engage dans lâ€™Alliance : #Ã‰nergiserAuDelÃ DuCharbon pour Ã©liminer progressivement l'Ã©lectricitÃ© Ã  partir du charbon traditionel ce qui assurera une planÃ¨te saine aux gÃ©nÃ©rations futures. DÃ©couvrez ce que le Canada fait au pays et Ã  l'Ã©tranger: http://ow.ly/oQWu30gCkCX,Timeline Photos,photo,https://www.facebook.com/EnvironnementetChangementclimatique/photos/a.377494369373762.1073741828.370233926766473/381440402312492/?type=3,2017-11-16 07:14:12,0,0,0,0,0,0,0,0,0,0
370233926766473_381432845646581,"En raison de difficultÃ©s techniques, il nous est impossible de diffuser en direct l'Ã©vÃ©nement Ã‰nergiser au-delÃ  du charbon.",,status,,2017-11-16 06:46:32,0,0,0,0,0,0,0,0,0,0
370233926766473_381405128982686,"Suivez la page Environnement et Changement climatique sur Facebook Ã  5 h 45 HNE pour regarder en direct le Canada et le R.-U. accueillir des partenaires dans la nouvelle Alliance : Ã‰nergiser au-delÃ  du charbon, dans la transition au-delÃ  de lâ€™Ã©lectricitÃ© Ã  partir du charbon traditionnel. http://ow.ly/zQjQ30gCdU4",Timeline Photos,photo,https://www.facebook.com/EnvironnementetChangementclimatique/photos/a.377494369373762.1073741828.370233926766473/381405128982686/?type=3,2017-11-16 05:32:56,0,1,0,0,0,0,0,0,0,0
370233926766473_381258608997338,"Regardez en direct la rencontre de la nouvelle Alliance : Energiser au-dela du charbon qui sâ€™engage Ã  Ã©liminer progressivement lâ€™electricite du charbon traditionnel le 16 novembre Ã  5 h 45 (HNE).
Cette alliance sâ€™engage Ã  assurer la transition vers une Ã©conomie Ã  faibles Ã©missions de carbone et une croissance Ã©conomique propre. http://ow.ly/4yEb30gBVcC",,photo,https://www.facebook.com/EnvironnementetChangementclimatique/photos/a.377494369373762.1073741828.370233926766473/381258502330682/?type=3,2017-11-15 21:40:10,0,0,0,0,0,0,0,0,0,0
370233926766473_381177322338800,"Regardez les faits saillants du jour Ã  la COP23 prÃ©sentÃ©s par la ministre de lâ€™Environnement et du Changement climatique, Catherine McKenna : les impacts des changements climatiques sur les sexes et les peuples autochtones.",COP23 15 Novembre 2017,video,https://www.facebook.com/EnvironnementetChangementclimatique/videos/381177322338800/,2017-11-15 15:43:39,0,0,0,0,0,0,0,0,0,0
370233926766473_381147469008452,"Le gouvernement du Canada continue de respecter son engagement de verser 2,65 G$ pour aider les pays en voie de dÃ©veloppement Ã  lutter contre les changements climatiques. Le gouvernement offre 1,6 million de dollars pour aider le Chili, la Colombie, le Mexique et le PÃ©rou, qui forment lâ€™Alliance du Pacifique, Ã  renforcer leurs mesures des gaz Ã  effet de serre, leurs rapports et leurs vÃ©rifications dans ce domaine. GrÃ¢ce Ã  un suivi renforcÃ© de la rÃ©duction des Ã©missions, ils amÃ©lioreront lâ€™accÃ¨s Ã  lâ€™investissement dans la croissance propre. Lâ€™environnement et lâ€™Ã©conomie vont vraiment de pair.

Pour en savoir davantage : http://ow.ly/nZlj30gBnAL",,photo,https://www.facebook.com/EnvironnementetChangementclimatique/photos/a.377494369373762.1073741828.370233926766473/381147422341790/?type=3,2017-11-15 13:39:33,0,0,0,0,0,0,0,0,0,0
370233926766473_381091725680693,"Regardez en direct la rencontre de la nouvelle Alliance : Energiser au-dela du charbon qui sâ€™engage Ã  Ã©liminer progressivement lâ€™electricite du charbon traditionnel le 16 novembre Ã  5 h 45 (HNE).

Cette alliance sâ€™engage Ã  assurer la transition vers une Ã©conomie Ã  faibles Ã©missions de carbone et une croissance Ã©conomique propre. http://ow.ly/7jwr30gB37j",,photo,https://www.facebook.com/EnvironnementetChangementclimatique/photos/a.377494369373762.1073741828.370233926766473/381091692347363/?type=3,2017-11-15 10:24:52,0,0,0,0,0,0,0,0,0,0
370233926766473_381087509014448,"Les effets des changements climatiques touchent de maniÃ¨re disproportionnÃ©e les peuples autochtones du Canada et du monde entier. ParallÃ¨lement, leurs connaissances, leurs expÃ©riences et leurs innovations sont cruciales pour rÃ©agir face aux impacts des changements climatiques.

Câ€™est la raison pour laquelle le Canada a travaillÃ© si dur pour faire entendre la voix des Autochtones â€” au pays et Ã  lâ€™Ã©tranger.",,photo,https://www.facebook.com/EnvironnementetChangementclimatique/photos/a.377494369373762.1073741828.370233926766473/381087405681125/?type=3,2017-11-15 10:12:53,0,0,0,0,0,0,0,0,0,0
370233926766473_380840845705781,Câ€™est aujourdâ€™hui la JournÃ©e de la rÃ©silience Ã  la COP23. Nous mettons Ã  jour les codes du bÃ¢timent du Canada et Ã©laborons un code de rÃ©novation pour nous adapter aux changements climatiques. Notre but : crÃ©er les bÃ¢timents Ã©cologiques du 21e siÃ¨cle.,Timeline Photos,photo,https://www.facebook.com/EnvironnementetChangementclimatique/photos/a.377494369373762.1073741828.370233926766473/380840845705781/?type=3,2017-11-14 20:25:04,0,0,0,0,0,0,0,0,0,0
370233926766473_380833999039799,"FÃ©licitations Ã  M. Bell et Ã  son Ã©quipe de la Memorial University de Terre-Neuve, qui ont crÃ©Ã© SmartICE. 

Ã€ la COP23 de la ConfÃ©rence des Nations Unies sur les changements climatiques, ils ont reÃ§u le trophÃ©e Solutions climat 2017 de lâ€™ONU pour leurs travaux exceptionnels dans le domaine de lâ€™adaptation aux changements climatiques. Ils ont mis au point un outil qui aide les peuples autochtones Ã  sâ€™adapter Ã  lâ€™amincissement de la glace de mer. Lâ€™outil fournit de lâ€™information qui facilite la planification de trajets sÃ»rs, rÃ©duisant ainsi les risques liÃ©s aux dÃ©placements sur la glace. 

SmartICE montre comment, deux ans aprÃ¨s lâ€™adoption universelle de lâ€™Accord de Paris, les mesures de lutte Ã  lâ€™Ã©chelle internationale se multiplient. http://ow.ly/Cpck30gAhON",Timeline Photos,photo,https://www.facebook.com/EnvironnementetChangementclimatique/photos/a.377494369373762.1073741828.370233926766473/380833999039799/?type=3,2017-11-14 20:03:32,1,0,0,1,0,0,0,0,0,0
370233926766473_380810439042155,Le Canada a lâ€™occasion dâ€™Ãªtre un chef de file des innovations technologiques. Le plan dâ€™action sur les changements climatiques du Canada sera un catalyseur dâ€™innovations et crÃ©era des emplois dans le secteur des technologies propres. #COP23 http://ow.ly/E1B530gAdYQ,Timeline Photos,photo,https://www.facebook.com/EnvironnementetChangementclimatique/photos/a.377494369373762.1073741828.370233926766473/380810439042155/?type=3,2017-11-14 18:42:37,0,0,0,0,0,0,0,0,0,0
370233926766473_380801065709759,"Câ€™est aujourdâ€™hu la JournÃ©e du genre Ã  la COP23, et le Canada cÃ©lÃ¨bre nos puissants agents de changements : les filles et les femmes.",Timeline Photos,photo,https://www.facebook.com/EnvironnementetChangementclimatique/photos/a.377494369373762.1073741828.370233926766473/380801065709759/?type=3,2017-11-14 17:57:54,0,0,0,0,0,0,0,0,0,0
370233926766473_380783405711525,"DÃ©couvrez les faits saillants de la journÃ©e touchant la ministre de lâ€™Environnement et du Changement climatique, Catherine McKenna : http://ow.ly/y44H30gA6Yr",DeuxiÃ¨me journÃ©e Ã  la COP23 pour la Ministre McKenna,video,http://ow.ly/y44H30gA6Yr,2017-11-14 16:50:16,0,0,0,0,0,0,0,0,0,0
370233926766473_380712962385236,"Aujourdâ€™hui, Ã  la COP23 Ã  Bonn, en Allemagne, la ministre de lâ€™Environnement et du Changement climatique du Canada, Catherine McKenna, a coprÃ©sidÃ© lâ€™AssemblÃ©e annuelle de haut niveau de la Coalition pour le climat et lâ€™air pur.

Lâ€™AssemblÃ©e a rÃ©uni des pays partageant le but commun de rÃ©duire les polluants qui contribuent aux changements climatiques et qui nuisent Ã  la qualitÃ© de lâ€™air de millions de citoyens partout dans le monde. http://ow.ly/tZJi30gzJPC",,photo,https://www.facebook.com/EnvironnementetChangementclimatique/photos/a.377494369373762.1073741828.370233926766473/380712689051930/?type=3,2017-11-14 12:40:40,0,0,0,0,0,0,0,0,0,0
370233926766473_380440822412450,"Le Canada joue un rÃ´le actif et important au pays et Ã  lâ€™Ã©tranger afin de promouvoir la tarification du carbone. La ministre McKenna a coprÃ©sidÃ© en compagnie du prÃ©sident de la Royal DSM, Feike Sijbesma, la derniÃ¨re rencontre de la Coalition pour le leadership en matiÃ¨re de tarification du carbone composÃ©e de reprÃ©sentants des gouvernements, dâ€™entreprises et dâ€™autres intervenants du milieu de lâ€™environnement, dans le but de montrer au monde les possibilitÃ©s Ã©conomiques et environnementales.

http://ow.ly/Lc7c30gyIxW",Photos from Environnement et Changement climatique's post,photo,https://www.facebook.com/EnvironnementetChangementclimatique/photos/a.377494369373762.1073741828.370233926766473/380440595745806/?type=3,2017-11-13 20:57:46,1,0,0,1,0,0,0,0,0,0
370233926766473_380192255770640,"Câ€™est la journÃ©e financement Ã  la COP23. Lâ€™innovation en matiÃ¨re de technologies propres est lâ€™Ã©lÃ©ment central du Plan pour lâ€™innovation et les compÃ©tences du gouvernement du Canada. 

Lors du dernier budget fÃ©dÃ©ral, le gouvernement du Canada sâ€™est engagÃ© Ã  investir plus de 2,3 milliards de dollars pour favoriser la croissance des technologies propres partout au pays! Le financement est un aspect crucial de la croissance des entreprises vertes.http://ow.ly/L1a230gxpDE",,photo,https://www.facebook.com/EnvironnementetChangementclimatique/photos/a.377494369373762.1073741828.370233926766473/380192189103980/?type=3,2017-11-13 07:12:58,0,0,0,0,0,0,0,0,0,0
370233926766473_379987075791158,"Câ€™est aujourdâ€™hui, la JournÃ©e de la santÃ© Ã  la COP23. Le gouvernement du Canada sâ€™engage Ã  rÃ©duire les polluants climatiques de courte durÃ©e qui rÃ©chauffent la planÃ¨te et qui nuisent Ã  notre santÃ©, Ã  la qualitÃ© de lâ€™air que nous respirons et Ã  lâ€™environnement.

En recourant Ã  des technologies propres pour rÃ©duire les polluants climatiques de courte durÃ©e, nous ferons croÃ®tre lâ€™Ã©conomie, tout en respectant nos objectifs en matiÃ¨re de changements climatiques et de qualitÃ© de lâ€™air. Qui dit air pur dit meilleure santÃ© (rÃ©duction des symptÃ´mes dâ€™asthme, des risques de dÃ©cÃ¨s prÃ©maturÃ© et des problÃ¨mes cardiaques). http://ow.ly/oLS730gwIg8",,photo,https://www.facebook.com/EnvironnementetChangementclimatique/photos/a.377494369373762.1073741828.370233926766473/379986939124505/?type=3,2017-11-12 18:55:00,0,0,0,0,0,0,0,0,0,0
370233926766473_379985015791364,"La lutte contre les changements climatiques est importante tant Ã  lâ€™Ã©chelle locale quâ€™Ã  lâ€™Ã©chelle internationale. Ã€ la COP23, nous cÃ©lÃ©brons les initiatives locales telles que le programme Halifax Solar City. Jetez y un coup dâ€™Å“il! http://ow.ly/Hvwd30gwHR2 (anglais seulement)",,photo,https://www.facebook.com/EnvironnementetChangementclimatique/photos/a.377494369373762.1073741828.370233926766473/379984495791416/?type=3,2017-11-12 18:00:00,0,0,0,0,0,0,0,0,0,0
370233926766473_379982119124987,"Câ€™est aujourdâ€™hui, la JournÃ©e de lâ€˜industrie Ã  la COP23. Cette journÃ©e nous rappelle que la transition vers des sources dâ€™Ã©nergie propre est profitable non seulement pour lâ€™environnement, mais aussi pour lâ€™Ã©conomie. 

De plus en plus, les sources dâ€™Ã©nergie renouvelables rivalisent avec les sources traditionnelles. Nous savons quâ€™il y a plus de 20 trillions de dollars de nouvelles possibilitÃ©s dâ€™investissements dans les marchÃ©s Ã©mergents dâ€™ici 2030.

Les entreprises canadiennes sont bien placÃ©es pour saisir les possibilitÃ©s offertes par la croissance propre et, ainsi, crÃ©er de nouveaux emplois et de nouvelles technologies, tout en rÃ©duisant la pollution. Le gouvernement du Canada investit stratÃ©giquement afin de soutenir la croissance de tous les secteurs de lâ€™Ã©conomie.",,photo,https://www.facebook.com/EnvironnementetChangementclimatique/photos/a.377494369373762.1073741828.370233926766473/379982009124998/?type=3,2017-11-12 17:20:00,0,0,0,0,0,0,0,0,0,0
370233926766473_379979412458591,"Câ€™est aujourdâ€™hui la JournÃ©e des forÃªts Ã  la COP 23. Saviez-vous que les forÃªts absorbent et stockent du carbone? Ces Â« puits de carbone Â» Ã©liminent du carbone de lâ€™atmosphÃ¨re. 

Le Cadre pancanadien prÃ©voit que le gouvernement du Canada soutiendra les efforts visant Ã  accroÃ®tre la capacitÃ© de stockage du carbone de nos forÃªts, milieux humides et sols agricoles. http://ow.ly/de0I30gwH0W",,photo,https://www.facebook.com/EnvironnementetChangementclimatique/photos/a.377494369373762.1073741828.370233926766473/379979359125263/?type=3,2017-11-12 16:38:08,0,0,0,0,0,0,0,0,0,0
370233926766473_379616422494890,"Câ€™est la JournÃ©e du transport Ã  la COP23. Ici mÃªme au Canada, le gouvernement sâ€™est engagÃ© Ã  investir dans des projets de transport actif, ce qui permettra Ã  nos collectivitÃ©s de demeurer saines et propres. http://ow.ly/9hPC30gw8Sg",,photo,https://www.facebook.com/EnvironnementetChangementclimatique/photos/a.377494369373762.1073741828.370233926766473/379616285828237/?type=3,2017-11-11 22:00:00,0,0,0,0,0,0,0,0,0,0
370233926766473_379606979162501,"Câ€™est la JournÃ©e des ocÃ©ans et des zones cÃ´tiÃ¨res Ã  la COP23.

Le gouvernement du Canada reconnaÃ®t le potentiel Ã©norme de dÃ©veloppement des entreprises et de crÃ©ation dâ€™emplois du marchÃ© mondial de lâ€™Ã©nergie renouvelable de la mer, lequel devrait avoisiner les 900 milliards de dollars dâ€™ici 2050.",,photo,https://www.facebook.com/EnvironnementetChangementclimatique/photos/a.377494369373762.1073741828.370233926766473/379606509162548/?type=3,2017-11-11 21:30:00,0,0,0,0,0,0,0,0,0,0
370233926766473_379600802496452,"Câ€™est la JournÃ©e des Ã©tablissements humains [ou villes] Ã  la COP23.

Au Canada, prÃ¨s de 12 % des Ã©missions de gaz Ã  effet de serre sont gÃ©nÃ©rÃ©es par les systÃ¨mes de chauffage et de climatisation des maisons et des bÃ¢timents. Si nous voulons une planÃ¨te plus propre, nos villes doivent sâ€™adapter pour faire face aux changements climatiques. Pour trouver des solutions, le Canada investit dans les infrastructures rÃ©silientes au climat et les normes climatiques. 

Renseignez-vous sur les maisons et les bÃ¢timents durables et efficients :",Le gouvernement du Canada prend des mesures,video,https://www.facebook.com/EnvironnementetChangementclimatique/videos/379600802496452/,2017-11-11 20:49:08,0,0,0,0,0,0,0,0,0,0
370233926766473_379451979178001,"Ã€ la COP23, le Canada demeure dÃ©terminÃ© Ã  investir dans le traitement de lâ€™eau et de lâ€™eau potable pour les collectivitÃ©s durables. Les eaux du Canada reprÃ©sentent environ 7 % des rÃ©serves dâ€™eau douce de la planÃ¨te. Nous travaillons dâ€™arrache-pied pour les protÃ©ger pour les Canadiens. 

Pour de plus amples renseignements sur les efforts du Canada pour protÃ©ger lâ€™eau douce : http://ow.ly/QNRh30gvQ0B",,photo,https://www.facebook.com/EnvironnementetChangementclimatique/photos/a.377494369373762.1073741828.370233926766473/379451605844705/?type=3,2017-11-11 12:00:00,0,0,0,0,0,0,0,0,0,0
370233926766473_379415352514997,"Pour lutter efficacement contre les changements climatiques, les gouvernements et la communautÃ© financiÃ¨re doivent soutenir massivement lâ€™action climatique Ã  une vitesse sans prÃ©cÃ©dent.",,photo,https://www.facebook.com/EnvironnementetChangementclimatique/photos/a.377494369373762.1073741828.370233926766473/379415165848349/?type=3,2017-11-11 10:20:00,0,0,0,0,0,0,0,0,0,0
370233926766473_379052039217995,,,video,https://www.facebook.com/EnvironnementetChangementclimatique/videos/379052039217995/,2017-11-10 15:17:27,0,0,0,0,0,0,0,0,0,0
370233926766473_378866875903178,"QuatriÃ¨me arrÃªt de la tournÃ©e #CampusClimat avec la ministre de lâ€™Environnement et Changement climatique, Catherine McKenna. Elle a parlÃ© lors de l'Ã©vÃ©nement Innovation Jam - Ottawa Sustainability Challenge de Student Energy Carleton Ã  Carleton University (Official). Les Ã©tudiants jouent un rÃ´le trÃ¨s important dans la crÃ©ation de solutions novatrices pour lutter contre les changements climatiques.",,photo,https://www.facebook.com/EnvironnementetChangementclimatique/photos/a.377494369373762.1073741828.370233926766473/378866822569850/?type=3,2017-11-10 06:58:35,2,0,0,2,0,0,0,0,0,0
370233926766473_378543595935506,"Enerkem, une entreprise canadienne de dÃ©veloppement durable qui produit des combustibles propres et des produits chimiques verts Ã  partir de dÃ©chets, participera Ã  la CdP23.

Utilisant une technologie propre, lâ€™entreprise transforme les dÃ©chets en combustibles propres Ã  la toute premiÃ¨re installation commerciale au monde de transformation de dÃ©chets en biocarburants, Ã  Edmonton, en Alberta. Enerkem Ã©labore Ã©galement dâ€™autres projets prometteurs de bioraffinerie ici au Canada, ainsi quâ€™aux Ã‰tats-Unis et en Europe.",,photo,https://www.facebook.com/EnvironnementetChangementclimatique/photos/a.377494369373762.1073741828.370233926766473/378543542602178/?type=3,2017-11-09 10:35:41,0,0,0,0,0,0,0,0,0,0
370233926766473_378160889307110,"Le ministre Carr fait une annonce au sujet de la rÃ©union ministÃ©rielle sur l'Ã©nergie propre et de la 4e rÃ©union ministÃ©rielle de Mission Innovation de 2019
http://ow.ly/6zWX30grxZv",La rÃ©union ministÃ©rielle sur l'Ã©nergie propre de 2019,video,https://www.facebook.com/EnvironnementetChangementclimatique/videos/378160889307110/,2017-11-08 11:33:08,0,0,0,0,0,0,0,0,0,0
370233926766473_377885139334685,"Les pratiques durables font partie des prioritÃ©s Ã  la COP23, notamment pour les organisateurs de cette rÃ©union internationale. 

Que ce soit pour les emballages de nourriture ou les matÃ©riaux utilisÃ©s pour construire les locaux temporaires, lisez ce que fait la COP23 pour rÃ©duire les dÃ©chets : http://ow.ly/r1s130gqsHL",,photo,https://www.facebook.com/EnvironnementetChangementclimatique/photos/a.377494369373762.1073741828.370233926766473/377885036001362/?type=3,2017-11-07 17:04:29,0,0,0,0,0,0,0,0,0,0
370233926766473_377494376040428,"Aujourdâ€™hui marque le premier jour de COP23 BONN, la  ConfÃ©rence mondiale sur le changement climatique (UNFCCC) en Allemagne. 

Ã€ CdP23, notre dÃ©lÃ©gation canadienne fera progresser lâ€™action climatique et lâ€™Accord de Paris. Restez Ã  lâ€™affÃ»t des mises Ã  jour que nous partageons quant au rÃ´le du Canada Ã  cet Ã©vÃ©nement mondial! http://ow.ly/1U9930goHB4",,photo,https://www.facebook.com/EnvironnementetChangementclimatique/photos/a.377494369373762.1073741828.370233926766473/377494132707119/?type=3,2017-11-06 16:26:47,0,0,1,0,0,0,0,0,0,0
